,date,freq
0,2016-01-11,2
1,2016-01-12,5
2,2016-01-13,4
3,2016-01-14,1
4,2016-01-15,1
5,2016-01-17,1
6,2016-01-18,1
7,2016-01-19,4
8,2016-01-20,2
9,2016-01-21,5
10,2016-01-28,2
11,2016-02-01,3
12,2016-02-02,1
13,2016-02-03,8
14,2016-02-04,3
15,2016-02-05,1
16,2016-02-08,3
17,2016-02-09,3
18,2016-02-10,1
19,2016-02-11,5
20,2016-02-16,3
21,2016-02-17,5
22,2016-02-18,3
23,2016-02-19,1
24,2016-02-22,3
25,2016-02-23,1
26,2016-02-24,3
27,2016-02-26,5
28,2016-02-27,1
29,2016-02-29,20
30,2016-03-01,3
31,2016-03-02,6
32,2016-03-03,3
33,2016-03-05,1
34,2016-03-06,1
35,2016-03-07,9
36,2016-03-08,5
37,2016-03-09,4
38,2016-03-10,9
39,2016-03-11,3
40,2016-03-14,1
41,2016-03-15,4
42,2016-03-16,5
43,2016-03-17,6
44,2016-03-18,2
45,2016-03-21,10
46,2016-03-22,5
47,2016-03-23,1
48,2016-03-24,6
49,2016-03-28,6
50,2016-03-29,3
51,2016-03-30,7
52,2016-03-31,4
53,2016-04-01,6
54,2016-04-02,1
55,2016-04-03,1
56,2016-04-04,7
57,2016-04-05,7
58,2016-04-06,7
59,2016-04-07,2
60,2016-04-08,3
61,2016-04-11,3
62,2016-04-12,1
63,2016-04-13,3
64,2016-04-14,6
65,2016-04-15,1
66,2016-04-16,1
67,2016-04-18,7
68,2016-04-19,2
69,2016-04-20,4
70,2016-04-21,3
71,2016-04-22,2
72,2016-04-25,6
73,2016-04-26,4
74,2016-04-27,6
75,2016-04-28,3
76,2016-04-29,1
77,2016-05-01,1
78,2016-05-02,2
79,2016-05-03,4
80,2016-05-04,4
81,2016-05-05,1
82,2016-05-06,3
83,2016-05-08,1
84,2016-05-09,3
85,2016-05-10,5
86,2016-05-11,6
87,2016-05-12,2
88,2016-05-13,1
89,2016-05-14,1
90,2016-05-15,1
91,2016-05-16,1
92,2016-05-17,5
93,2016-05-18,4
94,2016-05-19,2
95,2016-05-20,5
96,2016-05-23,2
97,2016-05-25,3
98,2016-05-26,2
99,2016-05-27,2
100,2016-05-29,1
101,2016-05-31,2
102,2016-06-01,5
103,2016-06-02,2
104,2016-06-03,1
105,2016-06-05,1
106,2016-06-06,11
107,2016-06-07,1
108,2016-06-08,2
109,2016-06-09,2
110,2016-06-10,3
111,2016-06-11,1
112,2016-06-13,6
113,2016-06-14,2
114,2016-06-15,3
115,2016-06-16,2
116,2016-06-17,2
117,2016-06-18,1
118,2016-06-20,3
119,2016-06-22,4
120,2016-06-23,3
121,2016-06-24,5
122,2016-06-25,2
123,2016-06-27,3
124,2016-06-28,5
125,2016-06-29,5
126,2016-06-30,5
127,2016-07-01,5
128,2016-07-04,1
129,2016-07-05,5
130,2016-07-06,9
131,2016-07-07,11
132,2016-07-08,2
133,2016-07-10,2
134,2016-07-11,3
135,2016-07-12,2
136,2016-07-13,1
137,2016-07-14,4
138,2016-07-15,3
139,2016-07-18,2
140,2016-07-19,2
141,2016-07-20,3
142,2016-07-21,6
143,2016-07-23,1
144,2016-07-25,5
145,2016-07-26,2
146,2016-07-27,1
147,2016-07-28,6
148,2016-07-29,5
149,2016-08-01,2
150,2016-08-02,3
151,2016-08-03,1
152,2016-08-04,1
153,2016-08-05,3
154,2016-08-08,2
155,2016-08-09,4
156,2016-08-10,2
157,2016-08-11,3
158,2016-08-12,1
159,2016-08-15,5
160,2016-08-16,3
161,2016-08-17,7
162,2016-08-18,5
163,2016-08-19,3
164,2016-08-21,1
165,2016-08-22,5
166,2016-08-23,7
167,2016-08-24,5
168,2016-08-25,8
169,2016-08-26,3
170,2016-08-29,3
171,2016-08-30,2
172,2016-08-31,6
173,2016-09-01,4
174,2016-09-02,2
175,2016-09-06,3
176,2016-09-07,5
177,2016-09-08,4
178,2016-09-09,2
179,2016-09-12,4
180,2016-09-13,5
181,2016-09-14,3
182,2016-09-15,3
183,2016-09-16,3
184,2016-09-19,9
185,2016-09-20,1
186,2016-09-22,1
187,2016-09-23,3
188,2016-09-25,1
189,2016-09-26,3
190,2016-09-27,9
191,2016-09-28,7
192,2016-09-29,3
193,2016-09-30,2
194,2016-10-01,2
195,2016-10-02,3
196,2016-10-03,6
197,2016-10-04,4
198,2016-10-05,4
199,2016-10-06,6
200,2016-10-07,9
201,2016-10-10,2
202,2016-10-11,9
203,2016-10-12,3
204,2016-10-13,2
205,2016-10-14,5
206,2016-10-15,1
207,2016-10-17,3
208,2016-10-18,7
209,2016-10-19,2
210,2016-10-20,1
211,2016-10-21,2
212,2016-10-24,5
213,2016-10-25,6
214,2016-10-26,2
215,2016-10-27,3
216,2016-10-29,2
217,2016-10-30,1
218,2016-10-31,4
219,2016-11-01,4
220,2016-11-02,7
221,2016-11-03,10
222,2016-11-04,1
223,2016-11-07,2
224,2016-11-08,6
225,2016-11-09,2
226,2016-11-10,2
227,2016-11-11,1
228,2016-11-14,7
229,2016-11-15,1
230,2016-11-16,2
231,2016-11-17,4
232,2016-11-18,3
233,2016-11-19,1
234,2016-11-21,3
235,2016-11-22,3
236,2016-11-23,3
237,2016-11-25,2
238,2016-11-26,1
239,2016-11-27,1
240,2016-11-28,14
241,2016-11-29,4
242,2016-11-30,5
243,2016-12-01,9
244,2016-12-02,1
245,2016-12-03,4
246,2016-12-05,2
247,2016-12-06,3
248,2016-12-07,4
249,2016-12-08,3
250,2016-12-09,6
251,2016-12-10,2
252,2016-12-11,2
253,2016-12-12,1
254,2016-12-13,4
255,2016-12-14,6
256,2016-12-15,7
257,2016-12-16,1
258,2016-12-19,9
259,2016-12-20,3
260,2016-12-21,1
261,2016-12-22,7
262,2016-12-23,4
263,2016-12-26,1
264,2016-12-27,4
265,2016-12-28,6
266,2016-12-29,1
267,2016-12-30,1
268,2017-01-03,3
269,2017-01-04,5
270,2017-01-05,3
271,2017-01-06,4
272,2017-01-07,1
273,2017-01-11,5
274,2017-01-12,4
275,2017-01-13,9
276,2017-01-14,3
277,2017-01-17,3
278,2017-01-18,3
279,2017-01-19,5
280,2017-01-21,3
281,2017-01-23,3
282,2017-01-24,3
283,2017-01-25,4
284,2017-01-26,2
285,2017-01-27,2
286,2017-01-30,4
287,2017-02-01,6
288,2017-02-02,1
289,2017-02-03,8
290,2017-02-04,1
291,2017-02-06,13
292,2017-02-07,5
293,2017-02-08,3
294,2017-02-10,2
295,2017-02-13,12
296,2017-02-14,3
297,2017-02-15,3
298,2017-02-16,8
299,2017-02-17,4
300,2017-02-20,5
301,2017-02-21,9
302,2017-02-22,3
303,2017-02-23,2
304,2017-02-24,3
305,2017-02-27,5
306,2017-02-28,4
307,2017-03-01,8
308,2017-03-02,1
309,2017-03-05,1
310,2017-03-06,10
311,2017-03-07,4
312,2017-03-08,12
313,2017-03-09,2
314,2017-03-10,1
315,2017-03-13,1
316,2017-03-15,2
317,2017-03-16,2
318,2017-03-20,2
319,2017-03-22,7
320,2017-03-23,6
321,2017-03-24,4
322,2017-03-28,1
323,2017-03-29,7
324,2017-03-30,2
325,2017-03-31,2
326,2017-04-01,2
327,2017-04-02,2
328,2017-04-03,10
329,2017-04-04,9
330,2017-04-05,4
331,2017-04-07,2
332,2017-04-09,2
333,2017-04-10,8
334,2017-04-11,9
335,2017-04-12,7
336,2017-04-13,7
337,2017-04-17,3
338,2017-04-18,5
339,2017-04-19,5
340,2017-04-20,5
341,2017-04-21,1
342,2017-04-24,6
343,2017-04-25,5
344,2017-04-26,4
345,2017-04-27,7
346,2017-04-28,4
347,2017-04-29,1
348,2017-05-01,8
349,2017-05-02,3
350,2017-05-03,12
351,2017-05-04,6
352,2017-05-09,8
353,2017-05-10,4
354,2017-05-11,3
355,2017-05-12,1
356,2017-05-15,2
357,2017-05-16,6
358,2017-05-17,6
359,2017-05-18,3
360,2017-05-19,10
361,2017-05-20,1
362,2017-05-22,4
363,2017-05-23,2
364,2017-05-24,7
365,2017-05-25,3
366,2017-05-26,1
367,2017-05-29,1
368,2017-05-30,9
369,2017-05-31,6
370,2017-06-01,7
371,2017-06-02,7
372,2017-06-05,10
373,2017-06-06,5
374,2017-06-07,3
375,2017-06-08,7
376,2017-06-09,5
377,2017-06-12,6
378,2017-06-13,9
379,2017-06-14,17
380,2017-06-15,4
381,2017-06-16,6
382,2017-06-17,1
383,2017-06-19,9
384,2017-06-20,10
385,2017-06-21,9
386,2017-06-22,5
387,2017-06-23,9
388,2017-06-24,1
389,2017-06-26,8
390,2017-06-27,2
391,2017-06-28,8
392,2017-06-29,3
393,2017-06-30,1
394,2017-07-03,3
395,2017-07-04,2
396,2017-07-05,9
397,2017-07-06,4
398,2017-07-07,4
399,2017-07-10,14
400,2017-07-11,9
401,2017-07-12,4
402,2017-07-13,6
403,2017-07-14,4
404,2017-07-17,5
405,2017-07-18,5
406,2017-07-19,8
407,2017-07-20,13
408,2017-07-21,2
409,2017-07-24,9
410,2017-07-25,4
411,2017-07-26,6
412,2017-07-27,7
413,2017-07-28,8
414,2017-07-29,3
415,2017-07-30,1
416,2017-07-31,7
417,2017-08-01,5
418,2017-08-02,6
419,2017-08-03,9
420,2017-08-04,1
421,2017-08-07,8
422,2017-08-08,9
423,2017-08-09,5
424,2017-08-10,10
425,2017-08-11,3
426,2017-08-14,11
427,2017-08-15,6
428,2017-08-16,10
429,2017-08-17,5
430,2017-08-18,4
431,2017-08-21,3
432,2017-08-22,3
433,2017-08-23,6
434,2017-08-24,8
435,2017-08-25,6
436,2017-08-26,1
437,2017-08-28,14
438,2017-08-29,5
439,2017-08-30,9
440,2017-08-31,7
441,2017-09-01,4
442,2017-09-02,1
443,2017-09-05,7
444,2017-09-06,12
445,2017-09-07,4
446,2017-09-08,3
447,2017-09-09,2
448,2017-09-10,1
449,2017-09-11,6
450,2017-09-12,8
451,2017-09-13,12
452,2017-09-14,6
453,2017-09-15,3
454,2017-09-16,1
455,2017-09-17,1
456,2017-09-18,13
457,2017-09-19,9
458,2017-09-20,6
459,2017-09-21,4
460,2017-09-22,2
461,2017-09-25,12
462,2017-09-26,8
463,2017-09-27,5
464,2017-09-28,3
465,2017-09-29,4
466,2017-10-01,2
467,2017-10-02,2
468,2017-10-03,4
469,2017-10-04,1
470,2017-10-05,4
471,2017-10-06,1
472,2017-10-09,1
473,2017-10-10,10
474,2017-10-11,4
475,2017-10-12,7
476,2017-10-13,2
477,2017-10-15,1
478,2017-10-16,5
479,2017-10-17,2
480,2017-10-18,5
481,2017-10-19,11
482,2017-10-20,2
483,2017-10-23,9
484,2017-10-24,4
485,2017-10-25,4
486,2017-10-26,8
487,2017-10-27,7
488,2017-10-30,5
489,2017-10-31,8
490,2017-11-01,4
491,2017-11-02,7
492,2017-11-03,12
493,2017-11-06,7
494,2017-11-07,13
495,2017-11-08,2
496,2017-11-09,3
497,2017-11-10,6
498,2017-11-11,1
499,2017-11-13,2
500,2017-11-14,8
501,2017-11-15,9
502,2017-11-16,2
503,2017-11-17,4
504,2017-11-20,13
505,2017-11-21,4
506,2017-11-22,6
507,2017-11-24,1
508,2017-11-27,6
509,2017-11-28,5
510,2017-11-29,4
511,2017-11-30,5
512,2017-12-01,5
513,2017-12-04,3
514,2017-12-05,4
515,2017-12-06,3
516,2017-12-07,9
517,2017-12-08,4
518,2017-12-09,5
519,2017-12-11,2
520,2017-12-12,7
521,2017-12-13,2
522,2017-12-14,4
523,2017-12-15,2
524,2017-12-16,1
525,2017-12-18,5
526,2017-12-19,9
527,2017-12-20,6
528,2017-12-21,8
529,2017-12-22,3
530,2017-12-24,1
531,2017-12-26,3
532,2017-12-27,7
533,2017-12-28,2
534,2017-12-29,2
535,2018-01-01,1
536,2018-01-02,4
537,2018-01-05,2
538,2018-01-08,6
539,2018-01-09,4
540,2018-01-10,1
541,2018-01-11,5
542,2018-01-12,2
543,2018-01-16,6
544,2018-01-17,10
545,2018-01-18,6
546,2018-01-19,9
547,2018-01-22,2
548,2018-01-23,25
549,2018-01-24,9
550,2018-01-25,5
551,2018-01-26,6
552,2018-01-29,11
553,2018-01-30,6
554,2018-01-31,7
555,2018-02-01,1
556,2018-02-02,14
557,2018-02-04,2
558,2018-02-05,5
559,2018-02-06,6
560,2018-02-07,5
561,2018-02-08,2
562,2018-02-09,10
563,2018-02-11,3
564,2018-02-12,8
565,2018-02-13,13
566,2018-02-14,2
567,2018-02-15,5
568,2018-02-16,4
569,2018-02-20,9
570,2018-02-21,4
571,2018-02-22,7
572,2018-02-23,5
573,2018-02-24,1
574,2018-02-26,11
575,2018-02-27,14
576,2018-02-28,5
577,2018-03-01,2
578,2018-03-02,4
579,2018-03-05,6
580,2018-03-06,10
581,2018-03-08,3
582,2018-03-09,7
583,2018-03-12,4
584,2018-03-13,13
585,2018-03-14,6
586,2018-03-15,13
587,2018-03-16,2
588,2018-03-17,2
589,2018-03-18,3
590,2018-03-19,16
591,2018-03-20,3
592,2018-03-21,2
593,2018-03-23,3
594,2018-03-24,1
595,2018-03-26,12
596,2018-03-27,9
597,2018-03-28,4
598,2018-03-29,4
599,2018-03-31,1
600,2018-04-01,2
601,2018-04-02,5
602,2018-04-03,8
603,2018-04-04,9
604,2018-04-05,8
605,2018-04-06,6
606,2018-04-07,2
607,2018-04-09,19
608,2018-04-10,5
609,2018-04-11,9
610,2018-04-12,5
611,2018-04-13,1
612,2018-04-14,1
613,2018-04-16,5
614,2018-04-17,6
615,2018-04-18,7
616,2018-04-19,6
617,2018-04-20,8
618,2018-04-23,10
619,2018-04-24,11
620,2018-04-25,8
621,2018-04-26,11
622,2018-04-27,10
623,2018-04-28,4
624,2018-04-29,1
625,2018-04-30,9
626,2018-05-01,7
627,2018-05-02,2
628,2018-05-03,9
629,2018-05-04,1
630,2018-05-05,4
631,2018-05-07,5
632,2018-05-08,10
633,2018-05-09,6
634,2018-05-10,13
635,2018-05-11,2
636,2018-05-12,3
637,2018-05-14,12
638,2018-05-15,9
639,2018-05-16,6
640,2018-05-17,9
641,2018-05-18,2
642,2018-05-20,3
643,2018-05-21,11
644,2018-05-22,6
645,2018-05-23,13
646,2018-05-24,4
647,2018-05-25,2
648,2018-05-29,9
649,2018-05-30,7
650,2018-05-31,11
651,2018-06-01,6
652,2018-06-02,2
653,2018-06-04,9
654,2018-06-05,12
655,2018-06-06,12
656,2018-06-07,8
657,2018-06-08,4
658,2018-06-11,9
659,2018-06-12,5
660,2018-06-13,10
661,2018-06-14,4
662,2018-06-15,4
663,2018-06-18,6
664,2018-06-19,16
665,2018-06-20,17
666,2018-06-21,5
667,2018-06-22,4
668,2018-06-23,3
669,2018-06-24,1
670,2018-06-25,4
671,2018-06-26,7
672,2018-06-27,8
673,2018-06-28,7
674,2018-06-29,4
675,2018-07-02,6
676,2018-07-03,7
677,2018-07-04,3
678,2018-07-05,11
679,2018-07-06,6
680,2018-07-09,7
681,2018-07-10,10
682,2018-07-11,13
683,2018-07-12,9
684,2018-07-13,4
685,2018-07-14,1
686,2018-07-15,1
687,2018-07-16,14
688,2018-07-17,10
689,2018-07-18,9
690,2018-07-19,5
691,2018-07-20,8
692,2018-07-22,2
693,2018-07-23,9
694,2018-07-24,17
695,2018-07-25,4
696,2018-07-26,9
697,2018-07-27,10
698,2018-07-28,1
699,2018-07-30,6
700,2018-07-31,4
701,2018-08-01,4
702,2018-08-02,9
703,2018-08-03,8
704,2018-08-06,8
705,2018-08-07,11
706,2018-08-08,8
707,2018-08-09,11
708,2018-08-10,7
709,2018-08-13,6
710,2018-08-14,9
711,2018-08-15,6
712,2018-08-16,8
713,2018-08-17,7
714,2018-08-20,5
715,2018-08-21,7
716,2018-08-22,10
717,2018-08-23,4
718,2018-08-24,6
719,2018-08-25,2
720,2018-08-26,2
721,2018-08-27,6
722,2018-08-28,12
723,2018-08-29,14
724,2018-08-30,11
725,2018-08-31,3
726,2018-09-04,18
727,2018-09-05,8
728,2018-09-06,16
729,2018-09-07,4
730,2018-09-08,2
731,2018-09-09,1
732,2018-09-10,9
733,2018-09-11,7
734,2018-09-12,7
735,2018-09-13,6
736,2018-09-14,8
737,2018-09-16,1
738,2018-09-17,8
739,2018-09-18,7
740,2018-09-19,8
741,2018-09-20,13
742,2018-09-21,3
743,2018-09-22,1
744,2018-09-23,1
745,2018-09-24,9
746,2018-09-25,1
747,2018-09-26,8
748,2018-09-27,5
749,2018-09-28,6
750,2018-09-29,2
751,2018-10-01,7
752,2018-10-02,8
753,2018-10-03,11
754,2018-10-04,4
755,2018-10-05,3
756,2018-10-06,1
757,2018-10-07,1
758,2018-10-08,3
759,2018-10-09,11
760,2018-10-10,8
761,2018-10-11,7
762,2018-10-12,10
763,2018-10-13,1
764,2018-10-14,3
765,2018-10-15,7
766,2018-10-16,2
767,2018-10-17,8
768,2018-10-18,7
769,2018-10-19,3
770,2018-10-21,1
771,2018-10-22,14
772,2018-10-23,8
773,2018-10-24,8
774,2018-10-25,4
775,2018-10-26,1
776,2018-10-27,2
777,2018-10-28,3
778,2018-10-29,9
779,2018-10-30,12
780,2018-10-31,11
781,2018-11-01,10
782,2018-11-02,9
783,2018-11-05,12
784,2018-11-06,8
785,2018-11-07,3
786,2018-11-08,7
787,2018-11-09,1
788,2018-11-13,10
789,2018-11-14,5
790,2018-11-15,2
791,2018-11-16,2
792,2018-11-18,1
793,2018-11-19,2
794,2018-11-20,4
795,2018-11-21,2
796,2018-11-24,1
797,2018-11-25,2
798,2018-11-26,3
799,2018-11-27,6
800,2018-11-28,7
801,2018-11-29,6
802,2018-11-30,12
803,2018-12-03,4
804,2018-12-04,5
805,2018-12-05,16
806,2018-12-06,7
807,2018-12-07,9
808,2018-12-08,6
809,2018-12-09,2
810,2018-12-10,7
811,2018-12-11,17
812,2018-12-12,9
813,2018-12-13,8
814,2018-12-14,6
815,2018-12-17,7
816,2018-12-18,4
817,2018-12-19,15
818,2018-12-20,9
819,2018-12-21,2
820,2018-12-24,2
821,2018-12-26,3
822,2018-12-27,8
823,2018-12-28,2
824,2018-12-29,1
825,2018-12-31,4
826,2019-01-02,2
827,2019-01-03,10
828,2019-01-04,4
829,2019-01-07,3
830,2019-01-08,8
831,2019-01-09,6
832,2019-01-10,3
833,2019-01-11,2
834,2019-01-12,1
835,2019-01-14,5
836,2019-01-15,4
837,2019-01-16,5
838,2019-01-17,5
839,2019-01-18,2
840,2019-01-20,1
841,2019-01-22,10
842,2019-01-23,6
843,2019-01-24,5
844,2019-01-25,4
845,2019-01-28,6
846,2019-01-29,5
847,2019-01-30,3
848,2019-01-31,2
849,2019-02-01,1
850,2019-02-04,3
851,2019-02-05,9
852,2019-02-06,6
853,2019-02-07,7
854,2019-02-08,2
855,2019-02-10,4
856,2019-02-11,5
857,2019-02-12,1
858,2019-02-13,7
859,2019-02-14,10
860,2019-02-15,7
861,2019-02-18,2
862,2019-02-19,10
863,2019-02-20,4
864,2019-02-21,2
865,2019-02-22,8
866,2019-02-23,1
867,2019-02-24,1
868,2019-02-25,14
869,2019-02-26,5
870,2019-02-27,6
871,2019-02-28,4
872,2019-03-01,1
873,2019-03-04,5
874,2019-03-05,9
875,2019-03-06,5
876,2019-03-07,5
877,2019-03-08,3
878,2019-03-09,2
879,2019-03-11,13
880,2019-03-12,5
881,2019-03-13,6
882,2019-03-14,8
883,2019-03-15,6
884,2019-03-17,1
885,2019-03-18,6
886,2019-03-19,4
887,2019-03-20,7
888,2019-03-21,3
889,2019-03-22,7
890,2019-03-23,4
891,2019-03-25,4
892,2019-03-26,6
893,2019-03-27,8
894,2019-03-28,12
895,2019-03-29,7
896,2019-03-30,1
897,2019-04-01,9
898,2019-04-02,5
899,2019-04-03,8
900,2019-04-04,6
901,2019-04-05,2
902,2019-04-06,2
903,2019-04-08,11
904,2019-04-09,6
905,2019-04-10,10
906,2019-04-11,2
907,2019-04-12,3
908,2019-04-15,12
909,2019-04-16,20
910,2019-04-17,6
911,2019-04-18,2
912,2019-04-19,2
913,2019-04-22,11
914,2019-04-23,5
915,2019-04-24,8
916,2019-04-25,7
917,2019-04-26,3
918,2019-04-27,1
919,2019-04-29,16
920,2019-04-30,3
921,2019-05-01,12
922,2019-05-02,9
923,2019-05-03,13
924,2019-05-04,3
925,2019-05-06,12
926,2019-05-07,4
927,2019-05-08,4
928,2019-05-09,9
929,2019-05-10,3
930,2019-05-11,1
931,2019-05-13,4
932,2019-05-14,4
933,2019-05-15,7
934,2019-05-16,3
935,2019-05-17,4
936,2019-05-18,2
937,2019-05-20,8
938,2019-05-21,10
939,2019-05-22,7
940,2019-05-23,13
941,2019-05-24,4
942,2019-05-25,1
943,2019-05-28,5
944,2019-05-29,8
945,2019-05-30,12
946,2019-05-31,6
947,2019-06-01,3
948,2019-06-03,12
949,2019-06-04,6
950,2019-06-05,6
951,2019-06-06,7
952,2019-06-07,6
953,2019-06-08,1
954,2019-06-09,1
955,2019-06-10,12
956,2019-06-11,12
957,2019-06-12,6
958,2019-06-13,3
959,2019-06-14,4
960,2019-06-15,1
961,2019-06-16,1
962,2019-06-17,7
963,2019-06-18,9
964,2019-06-19,11
965,2019-06-20,3
966,2019-06-21,4
967,2019-06-23,2
968,2019-06-24,5
969,2019-06-25,4
970,2019-06-26,7
971,2019-06-27,5
972,2019-06-28,6
973,2019-06-30,2
974,2019-07-01,5
975,2019-07-02,8
976,2019-07-03,6
977,2019-07-04,2
978,2019-07-05,3
979,2019-07-07,1
980,2019-07-08,3
981,2019-07-09,6
982,2019-07-10,7
983,2019-07-11,13
984,2019-07-12,3
985,2019-07-13,2
986,2019-07-14,2
987,2019-07-15,11
988,2019-07-16,9
989,2019-07-17,6
990,2019-07-18,4
991,2019-07-19,8
992,2019-07-21,1
993,2019-07-22,5
994,2019-07-23,8
995,2019-07-24,7
996,2019-07-25,5
997,2019-07-26,9
998,2019-07-29,5
999,2019-07-30,10
1000,2019-07-31,6
1001,2019-08-01,3
1002,2019-08-02,4
1003,2019-08-05,4
1004,2019-08-06,4
1005,2019-08-07,11
1006,2019-08-08,3
1007,2019-08-09,3
1008,2019-08-10,1
1009,2019-08-11,2
1010,2019-08-12,9
1011,2019-08-13,8
1012,2019-08-14,5
1013,2019-08-15,7
1014,2019-08-16,5
1015,2019-08-17,1
1016,2019-08-18,2
1017,2019-08-19,5
1018,2019-08-20,9
1019,2019-08-21,16
1020,2019-08-22,10
1021,2019-08-23,2
1022,2019-08-26,7
1023,2019-08-27,12
1024,2019-08-28,11
1025,2019-08-29,7
1026,2019-08-30,4
1027,2019-08-31,5
1028,2019-09-01,1
1029,2019-09-03,9
1030,2019-09-04,13
1031,2019-09-05,8
1032,2019-09-06,4
1033,2019-09-09,4
1034,2019-09-10,12
1035,2019-09-11,8
1036,2019-09-12,5
1037,2019-09-13,6
1038,2019-09-14,1
1039,2019-09-16,7
1040,2019-09-17,7
1041,2019-09-18,12
1042,2019-09-19,8
1043,2019-09-20,9
1044,2019-09-23,6
1045,2019-09-24,10
1046,2019-09-25,4
1047,2019-09-26,13
1048,2019-09-27,10
1049,2019-09-30,17
1050,2019-10-01,12
1051,2019-10-02,8
1052,2019-10-03,5
1053,2019-10-04,3
1054,2019-10-05,1
1055,2019-10-06,2
1056,2019-10-07,6
1057,2019-10-08,12
1058,2019-10-09,3
1059,2019-10-10,12
1060,2019-10-11,7
1061,2019-10-12,2
1062,2019-10-13,3
1063,2019-10-14,4
1064,2019-10-15,11
1065,2019-10-16,14
1066,2019-10-17,5
1067,2019-10-18,12
1068,2019-10-19,2
1069,2019-10-21,12
1070,2019-10-22,4
1071,2019-10-23,10
1072,2019-10-24,6
1073,2019-10-25,2
1074,2019-10-28,6
1075,2019-10-29,15
1076,2019-10-30,2
1077,2019-10-31,4
1078,2019-11-01,13
1079,2019-11-04,9
1080,2019-11-05,6
1081,2019-11-06,12
1082,2019-11-07,8
1083,2019-11-08,3
1084,2019-11-09,2
1085,2019-11-11,5
1086,2019-11-12,8
1087,2019-11-13,10
1088,2019-11-14,7
1089,2019-11-15,6
1090,2019-11-16,2
1091,2019-11-18,8
1092,2019-11-19,9
1093,2019-11-20,9
1094,2019-11-21,6
1095,2019-11-22,7
1096,2019-11-23,2
1097,2019-11-25,4
1098,2019-11-26,8
1099,2019-11-27,3
1100,2019-11-28,2
1101,2019-11-29,3
1102,2019-11-30,1
1103,2019-12-01,1
1104,2019-12-02,3
1105,2019-12-03,5
1106,2019-12-04,8
1107,2019-12-05,8
1108,2019-12-06,4
1109,2019-12-09,5
1110,2019-12-10,6
1111,2019-12-11,3
1112,2019-12-12,3
1113,2019-12-13,4
1114,2019-12-16,8
1115,2019-12-17,4
1116,2019-12-18,4
1117,2019-12-19,5
1118,2019-12-20,6
1119,2019-12-21,1
1120,2019-12-23,6
1121,2019-12-24,6
1122,2019-12-25,1
1123,2019-12-26,4
1124,2019-12-27,8
1125,2019-12-28,1
1126,2019-12-30,15
1127,2019-12-31,2
1128,2020-01-01,2
1129,2020-01-02,11
1130,2020-01-03,7
1131,2020-01-05,1
1132,2020-01-06,10
1133,2020-01-07,17
1134,2020-01-08,5
1135,2020-01-09,8
1136,2020-01-10,7
1137,2020-01-11,1
1138,2020-01-12,1
1139,2020-01-13,10
1140,2020-01-14,8
1141,2020-01-15,12
1142,2020-01-16,10
1143,2020-01-17,3
1144,2020-01-19,1
1145,2020-01-20,2
1146,2020-01-21,9
1147,2020-01-22,20
1148,2020-01-23,14
1149,2020-01-24,3
1150,2020-01-27,6
1151,2020-01-28,9
1152,2020-01-29,8
1153,2020-01-30,8
1154,2020-01-31,6
1155,2020-02-01,1
1156,2020-02-02,2
1157,2020-02-03,8
1158,2020-02-04,6
1159,2020-02-05,7
1160,2020-02-06,8
1161,2020-02-07,1
1162,2020-02-09,1
1163,2020-02-10,12
1164,2020-02-11,8
1165,2020-02-12,9
1166,2020-02-13,7
1167,2020-02-14,4
1168,2020-02-17,2
1169,2020-02-18,14
1170,2020-02-19,13
1171,2020-02-20,13
1172,2020-02-21,4
1173,2020-02-22,1
1174,2020-02-24,12
1175,2020-02-25,12
1176,2020-02-26,9
1177,2020-02-27,5
1178,2020-02-28,7
1179,2020-02-29,1
1180,2020-03-02,6
1181,2020-03-03,8
1182,2020-03-04,9
1183,2020-03-05,8
1184,2020-03-06,3
1185,2020-03-09,8
1186,2020-03-10,6
1187,2020-03-11,12
1188,2020-03-12,6
1189,2020-03-13,1
1190,2020-03-16,5
1191,2020-03-17,9
1192,2020-03-18,4
1193,2020-03-19,3
1194,2020-03-20,2
1195,2020-03-24,3
1196,2020-03-25,5
1197,2020-03-26,2
1198,2020-03-27,4
1199,2020-03-30,3
1200,2020-03-31,5
1201,2020-04-01,2
1202,2020-04-02,3
1203,2020-04-03,3
1204,2020-04-04,4
1205,2020-04-05,1
1206,2020-04-06,1
1207,2020-04-07,7
1208,2020-04-08,3
1209,2020-04-09,1
1210,2020-04-10,1
1211,2020-04-11,1
1212,2020-04-13,2
1213,2020-04-14,5
1214,2020-04-15,4
1215,2020-04-16,4
1216,2020-04-17,4
1217,2020-04-18,2
1218,2020-04-20,6
1219,2020-04-21,4
1220,2020-04-22,1
1221,2020-04-23,3
1222,2020-04-24,1
1223,2020-04-27,5
1224,2020-04-28,2
1225,2020-04-29,7
1226,2020-04-30,3
1227,2020-05-01,2
1228,2020-05-04,5
1229,2020-05-05,6
1230,2020-05-06,6
1231,2020-05-07,10
1232,2020-05-08,5
1233,2020-05-09,1
1234,2020-05-10,1
1235,2020-05-11,3
1236,2020-05-12,6
1237,2020-05-13,5
1238,2020-05-14,4
1239,2020-05-15,5
1240,2020-05-16,2
1241,2020-05-17,1
1242,2020-05-18,7
1243,2020-05-19,13
1244,2020-05-20,3
1245,2020-05-21,7
1246,2020-05-22,3
1247,2020-05-23,2
1248,2020-05-26,9
1249,2020-05-27,9
1250,2020-05-28,5
1251,2020-05-29,8
1252,2020-06-01,1
1253,2020-06-02,5
1254,2020-06-03,7
1255,2020-06-04,3
1256,2020-06-05,4
1257,2020-06-06,2
1258,2020-06-08,6
1259,2020-06-09,7
1260,2020-06-10,3
1261,2020-06-11,10
1262,2020-06-12,8
1263,2020-06-13,3
1264,2020-06-14,2
1265,2020-06-15,4
1266,2020-06-16,8
1267,2020-06-17,9
1268,2020-06-18,5
1269,2020-06-20,6
1270,2020-06-22,7
1271,2020-06-23,10
1272,2020-06-24,15
1273,2020-06-25,10
1274,2020-06-26,2
1275,2020-06-27,1
1276,2020-06-29,8
1277,2020-06-30,13
1278,2020-07-01,5
1279,2020-07-02,7
1280,2020-07-04,2
1281,2020-07-06,5
1282,2020-07-07,6
1283,2020-07-08,2
1284,2020-07-09,7
1285,2020-07-10,1
1286,2020-07-11,2
1287,2020-07-13,9
1288,2020-07-14,9
1289,2020-07-15,3
1290,2020-07-16,6
1291,2020-07-17,5
1292,2020-07-18,5
1293,2020-07-20,5
1294,2020-07-21,8
1295,2020-07-22,9
1296,2020-07-23,5
1297,2020-07-24,7
1298,2020-07-25,1
1299,2020-07-27,5
1300,2020-07-28,5
1301,2020-07-29,10
1302,2020-07-30,2
1303,2020-07-31,5
1304,2020-08-01,1
1305,2020-08-02,1
1306,2020-08-03,2
1307,2020-08-04,9
1308,2020-08-05,5
1309,2020-08-06,8
1310,2020-08-07,8
1311,2020-08-09,3
1312,2020-08-10,6
1313,2020-08-11,7
1314,2020-08-12,12
1315,2020-08-13,5
1316,2020-08-14,7
1317,2020-08-15,1
1318,2020-08-17,3
1319,2020-08-18,2
1320,2020-08-19,8
1321,2020-08-20,8
1322,2020-08-21,13
1323,2020-08-24,1
1324,2020-08-25,3
1325,2020-08-26,10
1326,2020-08-27,6
1327,2020-08-28,3
1328,2020-08-29,1
1329,2020-08-30,1
1330,2020-08-31,2
1331,2020-09-01,5
1332,2020-09-02,8
1333,2020-09-03,11
1334,2020-09-04,4
1335,2020-09-05,4
1336,2020-09-06,3
1337,2020-09-07,3
1338,2020-09-08,8
1339,2020-09-09,7
1340,2020-09-10,17
1341,2020-09-11,8
1342,2020-09-13,1
1343,2020-09-14,8
1344,2020-09-15,3
1345,2020-09-16,6
1346,2020-09-17,8
1347,2020-09-18,12
1348,2020-09-19,2
1349,2020-09-20,2
1350,2020-09-21,8
1351,2020-09-22,2
1352,2020-09-23,11
1353,2020-09-24,6
1354,2020-09-25,7
1355,2020-09-26,2
1356,2020-09-28,6
1357,2020-09-29,7
1358,2020-09-30,3
1359,2020-10-01,7
1360,2020-10-02,5
1361,2020-10-03,2
1362,2020-10-04,2
1363,2020-10-05,5
1364,2020-10-06,5
1365,2020-10-07,10
1366,2020-10-08,5
1367,2020-10-09,5
1368,2020-10-10,4
1369,2020-10-11,4
1370,2020-10-12,3
1371,2020-10-13,7
1372,2020-10-14,6
1373,2020-10-15,4
1374,2020-10-18,2
1375,2020-10-19,6
1376,2020-10-20,14
1377,2020-10-21,19
1378,2020-10-22,6
1379,2020-10-23,5
1380,2020-10-24,2
1381,2020-10-26,6
1382,2020-10-27,4
1383,2020-10-28,4
1384,2020-10-29,2
1385,2020-10-30,4
1386,2020-10-31,1
1387,2020-11-01,1
1388,2020-11-02,10
1389,2020-11-03,2
1390,2020-11-04,8
1391,2020-11-05,2
1392,2020-11-06,5
1393,2020-11-08,1
1394,2020-11-09,6
1395,2020-11-10,6
1396,2020-11-11,1
1397,2020-11-12,10
1398,2020-11-13,3
1399,2020-11-16,3
1400,2020-11-17,4
1401,2020-11-18,7
1402,2020-11-19,5
1403,2020-11-20,3
1404,2020-11-22,1
1405,2020-11-23,9
1406,2020-11-25,6
1407,2020-11-26,1
1408,2020-11-27,3
1409,2020-11-30,5
1410,2020-12-01,3
1411,2020-12-02,5
1412,2020-12-03,5
1413,2020-12-04,4
1414,2020-12-07,8
1415,2020-12-08,8
1416,2020-12-09,4
1417,2020-12-10,7
1418,2020-12-11,4
1419,2020-12-13,2
1420,2020-12-14,8
1421,2020-12-15,4
1422,2020-12-16,4
1423,2020-12-17,1
1424,2020-12-18,2
1425,2020-12-19,1
1426,2020-12-21,3
1427,2020-12-22,10
1428,2020-12-23,1
1429,2020-12-26,1
1430,2020-12-27,1
1431,2020-12-28,9
1432,2020-12-29,6
1433,2020-12-30,3
1434,2020-12-31,1
1435,2021-01-01,1
1436,2021-01-02,7
1437,2021-01-03,1
1438,2021-01-04,6
1439,2021-01-05,8
1440,2021-01-06,4
1441,2021-01-07,6
1442,2021-01-08,11
1443,2021-01-10,2
1444,2021-01-11,6
1445,2021-01-12,11
1446,2021-01-13,8
1447,2021-01-14,8
1448,2021-01-15,6
1449,2021-01-17,1
1450,2021-01-18,2
1451,2021-01-19,15
1452,2021-01-20,17
1453,2021-01-21,11
1454,2021-01-22,10
1455,2021-01-23,1
1456,2021-01-24,2
1457,2021-01-25,13
1458,2021-01-26,4
1459,2021-01-27,8
1460,2021-01-28,3
1461,2021-01-29,11
1462,2021-02-01,1
1463,2021-02-02,1
1464,2021-02-03,1
1465,2021-02-04,1
1466,2021-02-07,4
1467,2021-02-08,1
1468,2021-02-09,2
1469,2021-02-10,1
1470,2021-02-11,3
1471,2021-02-12,3
1472,2021-02-13,1
1473,2021-02-14,1
1474,2021-02-16,1
1475,2021-02-17,2
1476,2021-02-19,1
1477,2021-02-20,1
1478,2021-02-23,2
1479,2021-02-24,1
1480,2021-02-25,5
1481,2021-02-26,3
1482,2021-02-27,3
1483,2021-03-01,5
1484,2021-03-02,2
1485,2021-03-03,12
1486,2021-03-04,7
1487,2021-03-05,3
1488,2021-03-07,1
1489,2021-03-08,9
1490,2021-03-09,4
1491,2021-03-10,5
1492,2021-03-11,9
1493,2021-03-12,4
1494,2021-03-14,4
1495,2021-03-15,11
1496,2021-03-16,11
1497,2021-03-17,1
1498,2021-03-18,10
1499,2021-03-19,10
1500,2021-03-22,9
1501,2021-03-23,8
1502,2021-03-24,13
1503,2021-03-25,9
1504,2021-03-26,8
1505,2021-03-28,1
1506,2021-03-29,7
1507,2021-03-30,6
1508,2021-03-31,5
1509,2021-04-01,8
1510,2021-04-02,3
1511,2021-04-03,2
1512,2021-04-04,2
1513,2021-04-05,14
1514,2021-04-06,9
1515,2021-04-07,5
1516,2021-04-08,7
1517,2021-04-09,5
1518,2021-04-10,1
1519,2021-04-11,1
1520,2021-04-12,6
1521,2021-04-13,5
1522,2021-04-14,10
1523,2021-04-15,9
1524,2021-04-16,7
1525,2021-04-17,5
1526,2021-04-18,3
1527,2021-04-19,7
1528,2021-04-20,11
1529,2021-04-21,19
1530,2021-04-22,3
1531,2021-04-23,9
1532,2021-04-24,3
1533,2021-04-25,1
1534,2021-04-26,5
1535,2021-04-27,3
1536,2021-04-28,10
1537,2021-04-29,13
1538,2021-04-30,8
1539,2021-05-01,2
1540,2021-05-02,1
1541,2021-05-03,13
1542,2021-05-04,12
1543,2021-05-05,5
1544,2021-05-06,9
1545,2021-05-07,9
1546,2021-05-10,6
1547,2021-05-11,8
1548,2021-05-12,8
1549,2021-05-13,7
1550,2021-05-14,5
1551,2021-05-16,1
1552,2021-05-17,11
1553,2021-05-18,8
1554,2021-05-19,3
1555,2021-05-20,16
1556,2021-05-21,5
1557,2021-05-22,1
1558,2021-05-23,1
1559,2021-05-24,7
1560,2021-05-25,13
1561,2021-05-26,17
1562,2021-05-27,7
1563,2021-05-28,5
1564,2021-05-30,1
1565,2021-06-01,7
1566,2021-06-02,12
1567,2021-06-03,7
1568,2021-06-04,3
1569,2021-06-05,3
1570,2021-06-06,1
1571,2021-06-07,8
1572,2021-06-08,11
1573,2021-06-09,9
1574,2021-06-10,8
1575,2021-06-11,6
1576,2021-06-13,2
1577,2021-06-14,5
1578,2021-06-15,5
1579,2021-06-16,1
1580,2021-06-18,2
1581,2021-06-19,1
1582,2021-06-20,1
1583,2021-06-21,9
1584,2021-06-22,9
1585,2021-06-23,3
1586,2021-06-24,2
1587,2021-06-25,6
1588,2021-06-26,1
1589,2021-06-27,1
1590,2021-06-28,9
1591,2021-06-29,8
1592,2021-06-30,12
1593,2021-07-01,2
1594,2021-07-02,6
1595,2021-07-03,1
1596,2021-07-06,12
1597,2021-07-07,8
1598,2021-07-08,17
1599,2021-07-09,8
1600,2021-07-10,3
1601,2021-07-12,11
1602,2021-07-13,4
1603,2021-07-14,8
1604,2021-07-15,4
1605,2021-07-16,4
1606,2021-07-17,2
1607,2021-07-18,2
1608,2021-07-19,9
1609,2021-07-20,9
1610,2021-07-21,9
1611,2021-07-22,9
1612,2021-07-23,4
1613,2021-07-24,1
1614,2021-07-25,2
1615,2021-07-26,10
1616,2021-07-27,15
1617,2021-07-28,10
1618,2021-07-29,10
1619,2021-07-30,9
1620,2021-08-02,12
1621,2021-08-03,8
1622,2021-08-04,6
1623,2021-08-05,5
1624,2021-08-06,7
1625,2021-08-09,4
1626,2021-08-10,4
1627,2021-08-11,4
1628,2021-08-12,5
1629,2021-08-13,14
1630,2021-08-14,1
1631,2021-08-15,1
1632,2021-08-16,10
1633,2021-08-17,14
1634,2021-08-18,8
1635,2021-08-19,6
1636,2021-08-20,2
1637,2021-08-23,5
1638,2021-08-24,6
1639,2021-08-25,12
1640,2021-08-26,8
1641,2021-08-27,5
1642,2021-08-28,2
1643,2021-08-30,1
1644,2021-08-31,7
1645,2021-09-01,8
1646,2021-09-02,4
1647,2021-09-03,1
1648,2021-09-04,3
1649,2021-09-05,1
1650,2021-09-07,10
1651,2021-09-08,6
1652,2021-09-09,9
1653,2021-09-10,11
1654,2021-09-11,4
1655,2021-09-12,1
1656,2021-09-13,14
1657,2021-09-14,7
1658,2021-09-15,5
1659,2021-09-16,5
1660,2021-09-17,3
1661,2021-09-20,6
1662,2021-09-21,8
1663,2021-09-22,5
1664,2021-09-23,7
1665,2021-09-24,7
1666,2021-09-25,3
1667,2021-09-27,5
1668,2021-09-28,8
1669,2021-09-29,8
1670,2021-09-30,12
1671,2021-10-01,3
1672,2021-10-02,2
1673,2021-10-03,2
1674,2021-10-04,14
1675,2021-10-05,2
1676,2021-10-06,10
1677,2021-10-07,9
1678,2021-10-08,6
1679,2021-10-09,1
1680,2021-10-10,5
1681,2021-10-11,11
1682,2021-10-12,9
1683,2021-10-13,11
1684,2021-10-14,7
1685,2021-10-15,4
1686,2021-10-17,3
1687,2021-10-18,8
1688,2021-10-19,10
1689,2021-10-20,6
1690,2021-10-21,5
1691,2021-10-22,7
1692,2021-10-24,2
1693,2021-10-25,7
1694,2021-10-26,9
1695,2021-10-27,4
1696,2021-10-28,11
1697,2021-10-29,9
1698,2021-10-30,1
1699,2021-10-31,2
1700,2021-11-01,6
1701,2021-11-02,5
1702,2021-11-03,7
1703,2021-11-04,4
1704,2021-11-05,4
1705,2021-11-06,3
1706,2021-11-07,2
1707,2021-11-08,13
1708,2021-11-09,8
1709,2021-11-10,8
1710,2021-11-11,1
1711,2021-11-12,11
1712,2021-11-13,3
1713,2021-11-14,2
1714,2021-11-15,7
1715,2021-11-16,7
1716,2021-11-17,8
1717,2021-11-18,7
1718,2021-11-19,7
1719,2021-11-21,2
1720,2021-11-22,7
1721,2021-11-23,7
1722,2021-11-24,5
1723,2021-11-27,2
1724,2021-11-28,1
1725,2021-11-29,3
1726,2021-11-30,5
1727,2021-12-01,4
1728,2021-12-02,5
1729,2021-12-03,6
1730,2021-12-04,1
1731,2021-12-06,8
1732,2021-12-07,10
1733,2021-12-08,4
1734,2021-12-09,5
1735,2021-12-10,6
1736,2021-12-11,1
1737,2021-12-13,6
1738,2021-12-14,10
1739,2021-12-15,5
1740,2021-12-16,6
1741,2021-12-17,1
1742,2021-12-20,12
1743,2021-12-21,3
1744,2021-12-22,8
1745,2021-12-23,6
1746,2021-12-24,4
1747,2021-12-25,1
1748,2021-12-27,1
1749,2021-12-28,10
1750,2021-12-29,12
1751,2021-12-30,7
1752,2021-12-31,1
1753,2022-01-01,2
1754,2022-01-03,3
1755,2022-01-04,6
1756,2022-01-05,1
1757,2022-01-06,4
1758,2022-01-09,1
1759,2022-01-10,2
1760,2022-01-11,5
1761,2022-01-12,4
1762,2022-01-13,3
1763,2022-01-14,4
1764,2022-01-15,1
1765,2022-01-16,1
1766,2022-01-17,1
1767,2022-01-18,2
1768,2022-01-19,3
1769,2022-01-20,10
1770,2022-01-21,4
1771,2022-01-22,1
1772,2022-01-24,7
1773,2022-01-25,7
1774,2022-01-26,4
1775,2022-01-27,2
1776,2022-01-28,2
1777,2022-01-31,2
1778,2022-02-01,2
1779,2022-02-02,3
1780,2022-02-03,1
1781,2022-02-04,2
1782,2022-02-05,1
1783,2022-02-06,1
1784,2022-02-07,8
1785,2022-02-08,13
1786,2022-02-09,11
1787,2022-02-10,3
1788,2022-02-11,4
1789,2022-02-12,2
1790,2022-02-14,6
1791,2022-02-15,5
1792,2022-02-16,8
1793,2022-02-17,8
1794,2022-02-18,2
1795,2022-02-19,4
1796,2022-02-20,2
1797,2022-02-22,13
1798,2022-02-23,12
1799,2022-02-24,11
1800,2022-02-25,5
1801,2022-02-26,1
1802,2022-02-27,2
1803,2022-02-28,4
1804,2022-03-01,8
1805,2022-03-02,4
1806,2022-03-03,5
1807,2022-03-04,7
1808,2022-03-05,1
1809,2022-03-07,5
1810,2022-03-08,7
1811,2022-03-09,9
1812,2022-03-10,2
1813,2022-03-11,4
1814,2022-03-14,8
1815,2022-03-15,4
1816,2022-03-16,12
1817,2022-03-17,7
1818,2022-03-18,8
1819,2022-03-19,3
1820,2022-03-21,7
1821,2022-03-22,10
1822,2022-03-23,9
1823,2022-03-24,4
1824,2022-03-25,3
1825,2022-03-27,2
1826,2022-03-28,5
1827,2022-03-29,8
1828,2022-03-30,6
1829,2022-03-31,5
1830,2022-04-01,4
1831,2022-04-02,1
1832,2022-04-03,2
1833,2022-04-04,14
1834,2022-04-05,8
1835,2022-04-06,4
1836,2022-04-07,6
1837,2022-04-08,6
1838,2022-04-09,1
1839,2022-04-10,3
1840,2022-04-11,5
1841,2022-04-12,17
1842,2022-04-13,5
1843,2022-04-14,8
1844,2022-04-18,3
1845,2022-04-19,4
1846,2022-04-20,3
1847,2022-04-21,10
1848,2022-04-22,4
1849,2022-04-23,1
1850,2022-04-25,3
1851,2022-04-26,7
1852,2022-04-27,8
1853,2022-04-28,7
1854,2022-04-29,3
1855,2022-05-01,1
1856,2022-05-02,3
1857,2022-05-03,6
1858,2022-05-04,17
1859,2022-05-05,9
1860,2022-05-06,4
1861,2022-05-09,5
1862,2022-05-10,4
1863,2022-05-11,8
1864,2022-05-12,5
1865,2022-05-13,7
1866,2022-05-14,1
1867,2022-05-15,2
1868,2022-05-16,9
1869,2022-05-17,5
1870,2022-05-18,6
1871,2022-05-19,2
1872,2022-05-20,2
1873,2022-05-22,1
1874,2022-05-23,8
1875,2022-05-24,11
1876,2022-05-25,6
1877,2022-05-26,5
1878,2022-05-27,5
1879,2022-05-29,1
1880,2022-05-31,3
1881,2022-06-01,6
1882,2022-06-02,12
1883,2022-06-03,3
1884,2022-06-04,2
1885,2022-06-05,1
1886,2022-06-06,8
1887,2022-06-07,13
1888,2022-06-08,5
1889,2022-06-09,3
1890,2022-06-10,3
1891,2022-06-13,1
1892,2022-06-14,5
1893,2022-06-15,6
1894,2022-06-16,13
1895,2022-06-17,4
1896,2022-06-18,1
1897,2022-06-20,3
1898,2022-06-21,15
1899,2022-06-22,9
1900,2022-06-23,3
1901,2022-06-24,2
1902,2022-06-25,3
1903,2022-06-27,9
1904,2022-06-28,6
1905,2022-06-29,5
1906,2022-06-30,13
1907,2022-07-01,2
1908,2022-07-02,2
1909,2022-07-03,1
1910,2022-07-04,1
1911,2022-07-05,10
1912,2022-07-06,9
1913,2022-07-07,4
1914,2022-07-08,6
1915,2022-07-11,8
1916,2022-07-12,14
1917,2022-07-13,5
1918,2022-07-14,5
1919,2022-07-15,10
1920,2022-07-16,1
1921,2022-07-17,2
1922,2022-07-18,9
1923,2022-07-19,7
1924,2022-07-20,8
1925,2022-07-21,5
1926,2022-07-22,5
1927,2022-07-24,1
1928,2022-07-25,10
1929,2022-07-26,14
1930,2022-07-27,7
1931,2022-07-28,9
1932,2022-07-29,3
1933,2022-07-30,6
1934,2022-07-31,1
1935,2022-08-01,10
1936,2022-08-02,11
1937,2022-08-03,6
1938,2022-08-04,11
1939,2022-08-05,7
1940,2022-08-08,3
1941,2022-08-09,15
1942,2022-08-10,4
1943,2022-08-11,6
1944,2022-08-12,6
1945,2022-08-13,1
1946,2022-08-15,10
1947,2022-08-16,4
1948,2022-08-17,3
1949,2022-08-18,7
1950,2022-08-19,4
1951,2022-08-21,1
1952,2022-08-22,7
1953,2022-08-23,4
1954,2022-08-24,4
1955,2022-08-25,3
1956,2022-08-26,5
1957,2022-08-27,1
1958,2022-08-28,1
1959,2022-08-29,8
1960,2022-08-30,8
1961,2022-08-31,4
1962,2022-09-01,10
1963,2022-09-02,2
1964,2022-09-03,2
1965,2022-09-04,1
1966,2022-09-06,7
1967,2022-09-07,11
1968,2022-09-08,10
1969,2022-09-09,5
1970,2022-09-10,3
1971,2022-09-12,1
1972,2022-09-13,2
1973,2022-09-14,8
1974,2022-09-15,1
1975,2022-09-16,3
1976,2022-09-17,1
1977,2022-09-19,6
1978,2022-09-20,9
1979,2022-09-21,4
1980,2022-09-22,2
1981,2022-09-23,4
1982,2022-09-25,1
1983,2022-09-26,4
1984,2022-09-27,1
1985,2022-09-28,5
1986,2022-09-29,5
1987,2022-09-30,4
1988,2022-10-03,3
1989,2022-10-04,2
1990,2022-10-05,10
1991,2022-10-06,3
1992,2022-10-07,3
1993,2022-10-09,1
1994,2022-10-10,2
1995,2022-10-11,6
1996,2022-10-12,11
1997,2022-10-13,2
1998,2022-10-14,3
1999,2022-10-15,1
2000,2022-10-17,10
2001,2022-10-18,4
2002,2022-10-19,5
2003,2022-10-20,10
2004,2022-10-21,6
2005,2022-10-23,1
2006,2022-10-24,9
2007,2022-10-25,5
2008,2022-10-26,3
2009,2022-10-27,1
2010,2022-10-28,2
2011,2022-10-30,1
2012,2022-10-31,6
2013,2022-11-01,6
2014,2022-11-02,3
2015,2022-11-03,8
2016,2022-11-04,6
2017,2022-11-07,11
2018,2022-11-08,5
2019,2022-11-09,6
2020,2022-11-10,5
2021,2022-11-11,2
2022,2022-11-13,1
2023,2022-11-14,7
2024,2022-11-15,2
2025,2022-11-16,8
2026,2022-11-17,4
2027,2022-11-18,2
2028,2022-11-21,2
2029,2022-11-25,4
2030,2022-11-26,1
2031,2022-11-28,5
2032,2022-11-29,6
2033,2022-11-30,3
2034,2022-12-01,3
2035,2022-12-03,2
2036,2022-12-05,6
2037,2022-12-06,4
2038,2022-12-07,11
2039,2022-12-08,8
2040,2022-12-09,7
2041,2022-12-12,5
2042,2022-12-13,4
2043,2022-12-14,6
2044,2022-12-15,5
2045,2022-12-16,2
2046,2022-12-18,2
2047,2022-12-19,3
2048,2022-12-20,8
2049,2022-12-21,4
2050,2022-12-22,2
2051,2022-12-24,1
2052,2022-12-26,1
2053,2022-12-27,3
2054,2022-12-28,7
2055,2022-12-29,8
2056,2022-12-30,1
2057,2023-01-03,4
2058,2023-01-04,6
2059,2023-01-05,4
2060,2023-01-06,4
2061,2023-01-07,1
2062,2023-01-09,11
2063,2023-01-10,6
2064,2023-01-11,1
2065,2023-01-12,4
2066,2023-01-13,1
2067,2023-01-16,1
2068,2023-01-17,5
2069,2023-01-18,4
2070,2023-01-19,2
2071,2023-01-20,9
2072,2023-01-23,2
2073,2023-01-24,3
2074,2023-01-25,6
2075,2023-01-26,5
2076,2023-01-27,2
2077,2023-01-30,5
2078,2023-01-31,4
2079,2023-02-01,2
2080,2023-02-02,9
2081,2023-02-03,2
2082,2023-02-04,1
2083,2023-02-06,2
2084,2023-02-07,2
2085,2023-02-08,1
2086,2023-02-09,5
2087,2023-02-13,7
2088,2023-02-14,1
2089,2023-02-15,7
2090,2023-02-16,4
2091,2023-02-17,1
2092,2023-02-21,5
2093,2023-02-22,3
2094,2023-02-23,2
2095,2023-02-27,3
2096,2023-02-28,8
2097,2023-03-01,1
2098,2023-03-02,3
2099,2023-03-03,2
2100,2023-03-06,9
2101,2023-03-07,4
2102,2023-03-08,5
2103,2023-03-09,4
2104,2023-03-10,4
2105,2023-03-13,4
2106,2023-03-14,2
2107,2023-03-15,4
2108,2023-03-16,3
2109,2023-03-17,4
2110,2023-03-18,3
2111,2023-03-19,1
2112,2023-03-20,3
2113,2023-03-21,4
2114,2023-03-22,9
2115,2023-03-23,5
2116,2023-03-24,4
2117,2023-03-26,1
2118,2023-03-27,4
2119,2023-03-28,5
2120,2023-03-29,5
2121,2023-03-30,6
2122,2023-03-31,2
2123,2023-04-01,1
2124,2023-04-03,6
2125,2023-04-04,5
2126,2023-04-05,1
2127,2023-04-06,6
2128,2023-04-07,1
2129,2023-04-08,1
2130,2023-04-09,1
2131,2023-04-10,3
2132,2023-04-11,5
2133,2023-04-12,9
2134,2023-04-13,3
2135,2023-04-14,4
2136,2023-04-17,8
2137,2023-04-18,1
2138,2023-04-19,9
2139,2023-04-20,2
2140,2023-04-21,1
2141,2023-04-22,1
2142,2023-04-24,4
2143,2023-04-25,9
2144,2023-04-26,1
2145,2023-04-27,4
2146,2023-04-28,4
2147,2023-04-29,1
2148,2023-05-01,4
2149,2023-05-03,6
2150,2023-05-04,2
2151,2023-05-05,2
2152,2023-05-08,5
2153,2023-05-09,3
2154,2023-05-10,1
2155,2023-05-11,2
2156,2023-05-12,3
2157,2023-05-14,1
2158,2023-05-15,1
2159,2023-05-16,4
2160,2023-05-17,9
2161,2023-05-18,5
2162,2023-05-19,7
2163,2023-05-20,3
2164,2023-05-22,8
2165,2023-05-23,7
2166,2023-05-24,4
2167,2023-05-25,3
2168,2023-05-26,1
2169,2023-05-30,4
2170,2023-05-31,1
2171,2023-06-01,5
2172,2023-06-02,3
2173,2023-06-03,1
2174,2023-06-05,1
2175,2023-06-06,5
2176,2023-06-07,2
2177,2023-06-08,2
2178,2023-06-09,1
2179,2023-06-10,1
2180,2023-06-11,1
2181,2023-06-12,3
2182,2023-06-13,4
2183,2023-06-14,4
2184,2023-06-15,5
2185,2023-06-16,3
2186,2023-06-19,1
2187,2023-06-20,4
2188,2023-06-21,4
2189,2023-06-22,3
2190,2023-06-23,1
2191,2023-06-24,1
2192,2023-06-26,3
2193,2023-06-27,4
2194,2023-06-28,3
2195,2023-06-29,2
2196,2023-06-30,4
2197,2023-07-02,2
2198,2023-07-03,3
2199,2023-07-05,4
2200,2023-07-06,2
2201,2023-07-07,3
2202,2023-07-10,6
2203,2023-07-11,3
2204,2023-07-12,9
2205,2023-07-13,6
2206,2023-07-14,7
2207,2023-07-17,4
2208,2023-07-18,6
2209,2023-07-19,8
2210,2023-07-20,8
2211,2023-07-21,4
2212,2023-07-22,1
2213,2023-07-23,1
2214,2023-07-24,15
2215,2023-07-25,5
2216,2023-07-26,6
2217,2023-07-27,4
2218,2023-07-28,1
2219,2023-07-31,9
2220,2023-08-01,11
2221,2023-08-02,7
2222,2023-08-03,6
2223,2023-08-04,3
2224,2023-08-06,2
2225,2023-08-07,5
2226,2023-08-08,7
2227,2023-08-09,1
2228,2023-08-10,4
2229,2023-08-11,5
2230,2023-08-14,6
2231,2023-08-15,2
2232,2023-08-16,8
2233,2023-08-17,2
2234,2023-08-18,3
2235,2023-08-21,5
2236,2023-08-22,5
2237,2023-08-23,6
2238,2023-08-24,3
2239,2023-08-25,4
2240,2023-08-28,4
2241,2023-08-29,14
2242,2023-08-30,10
2243,2023-08-31,3
2244,2023-09-01,4
2245,2023-09-02,3
2246,2023-09-04,1
2247,2023-09-05,9
2248,2023-09-06,7
2249,2023-09-07,5
2250,2023-09-08,6
2251,2023-09-09,1
2252,2023-09-10,1
2253,2023-09-11,7
2254,2023-09-12,4
2255,2023-09-13,5
2256,2023-09-14,8
2257,2023-09-15,1
2258,2023-09-18,3
2259,2023-09-19,5
2260,2023-09-20,5
2261,2023-09-21,5
2262,2023-09-22,1
2263,2023-09-25,2
2264,2023-09-26,5
2265,2023-09-27,1
2266,2023-09-28,4
2267,2023-09-29,1
2268,2023-10-02,2
2269,2023-10-03,6
2270,2023-10-04,7
2271,2023-10-05,3
2272,2023-10-06,5
2273,2023-10-07,1
2274,2023-10-09,3
2275,2023-10-10,9
2276,2023-10-11,7
2277,2023-10-12,3
2278,2023-10-13,1
2279,2023-10-16,4
2280,2023-10-17,6
2281,2023-10-18,2
2282,2023-10-19,2
2283,2023-10-20,3
2284,2023-10-21,1
2285,2023-10-22,1
2286,2023-10-23,2
2287,2023-10-24,3
2288,2023-10-25,1
2289,2023-10-26,5
2290,2023-10-27,7
2291,2023-10-28,2
2292,2023-10-29,3
2293,2023-10-30,3
2294,2023-10-31,5
2295,2023-11-01,6
2296,2023-11-02,5
2297,2023-11-03,5
2298,2023-11-05,1
2299,2023-11-06,9
2300,2023-11-07,1
2301,2023-11-08,8
2302,2023-11-09,10
2303,2023-11-10,3
2304,2023-11-12,1
2305,2023-11-13,3
2306,2023-11-14,6
2307,2023-11-15,5
2308,2023-11-16,1
2309,2023-11-17,3
2310,2023-11-19,1
2311,2023-11-20,2
2312,2023-11-21,7
2313,2023-11-22,2
2314,2023-11-23,1
2315,2023-11-24,2
2316,2023-11-26,3
2317,2023-11-27,2
2318,2023-11-28,7
2319,2023-11-29,5
2320,2023-11-30,1
2321,2023-12-01,2
2322,2023-12-02,1
2323,2023-12-04,3
2324,2023-12-05,4
2325,2023-12-06,6
2326,2023-12-07,2
2327,2023-12-08,2
2328,2023-12-10,1
2329,2023-12-11,3
2330,2023-12-12,6
2331,2023-12-13,7
2332,2023-12-14,5
2333,2023-12-15,2
2334,2023-12-18,2
2335,2023-12-19,8
2336,2023-12-20,3
2337,2023-12-21,4
2338,2023-12-22,1
2339,2023-12-26,5
2340,2023-12-27,4
2341,2023-12-28,1
2342,2023-12-29,9
2343,2024-01-02,4
2344,2024-01-03,2
2345,2024-01-04,4
2346,2024-01-05,6
2347,2024-01-06,1
2348,2024-01-08,4
2349,2024-01-09,2
2350,2024-01-10,4
2351,2024-01-11,2
2352,2024-01-12,2
2353,2024-01-16,3
2354,2024-01-17,6
2355,2024-01-18,2
2356,2024-01-23,4
2357,2024-01-24,2
2358,2024-01-25,7
2359,2024-01-26,6
2360,2024-01-27,2
2361,2024-01-28,1
2362,2024-01-30,5
2363,2024-01-31,7
2364,2024-02-01,7
2365,2024-02-02,3
2366,2024-02-03,1
2367,2024-02-05,7
2368,2024-02-06,5
2369,2024-02-07,7
2370,2024-02-08,3
2371,2024-02-09,2
2372,2024-02-12,4
2373,2024-02-13,4
2374,2024-02-14,2
2375,2024-02-15,4
2376,2024-02-16,2
2377,2024-02-20,2
2378,2024-02-21,8
2379,2024-02-22,4
2380,2024-02-23,4
2381,2024-02-24,2
2382,2024-02-26,5
2383,2024-02-27,5
2384,2024-02-28,2
2385,2024-02-29,4
2386,2024-03-01,1
2387,2024-03-02,1
2388,2024-03-03,1
2389,2024-03-04,5
2390,2024-03-05,2
2391,2024-03-06,3
2392,2024-03-07,7
2393,2024-03-08,4
2394,2024-03-11,5
2395,2024-03-12,4
2396,2024-03-13,5
2397,2024-03-14,7
2398,2024-03-15,6
2399,2024-03-18,2
2400,2024-03-19,9
2401,2024-03-20,6
2402,2024-03-21,2
2403,2024-03-22,4
2404,2024-03-24,1
2405,2024-03-25,3
2406,2024-03-26,5
2407,2024-03-27,4
2408,2024-03-28,2
2409,2024-03-29,1
2410,2024-03-31,1
2411,2024-04-01,4
2412,2024-04-02,4
2413,2024-04-03,5
2414,2024-04-04,2
2415,2024-04-05,1
2416,2024-04-08,6
2417,2024-04-09,6
2418,2024-04-11,1
2419,2024-04-12,2
2420,2024-04-15,3
2421,2024-04-17,2
2422,2024-04-18,3
2423,2024-04-19,5
2424,2024-04-22,5
2425,2024-04-23,2
2426,2024-04-24,7
2427,2024-04-25,9
2428,2024-04-26,2
2429,2024-04-29,5
2430,2024-04-30,7
2431,2024-05-01,5
2432,2024-05-02,3
2433,2024-05-03,1
2434,2024-05-06,4
2435,2024-05-07,4
2436,2024-05-08,5
2437,2024-05-09,1
2438,2024-05-10,4
2439,2024-05-13,6
2440,2024-05-14,6
2441,2024-05-15,3
2442,2024-05-16,3
2443,2024-05-17,2
2444,2024-05-18,3
2445,2024-05-19,3
2446,2024-05-20,6
2447,2024-05-21,4
2448,2024-05-22,1
2449,2024-05-24,2
2450,2024-05-26,1
2451,2024-05-28,4
2452,2024-05-29,3
2453,2024-05-30,5
2454,2024-05-31,3
2455,2024-06-03,5
2456,2024-06-04,10
2457,2024-06-05,7
2458,2024-06-06,10
2459,2024-06-07,2
2460,2024-06-08,1
2461,2024-06-09,1
2462,2024-06-10,12
2463,2024-06-11,6
2464,2024-06-12,13
2465,2024-06-13,9
2466,2024-06-14,5
2467,2024-06-16,1
2468,2024-06-17,4
2469,2024-06-18,1
2470,2024-06-20,4
2471,2024-06-21,1
2472,2024-06-22,1
2473,2024-06-24,1
2474,2024-06-25,7
2475,2024-06-26,4
2476,2024-06-28,3
2477,2024-07-01,8
2478,2024-07-02,7
2479,2024-07-03,3
2480,2024-07-05,4
2481,2024-07-07,2
2482,2024-07-08,4
2483,2024-07-09,10
2484,2024-07-10,7
2485,2024-07-11,6
2486,2024-07-12,3
2487,2024-07-14,2
2488,2024-07-15,7
2489,2024-07-16,8
2490,2024-07-17,5
2491,2024-07-18,4
2492,2024-07-19,2
2493,2024-07-22,6
2494,2024-07-23,9
2495,2024-07-24,3
2496,2024-07-25,3
2497,2024-07-26,2
2498,2024-07-28,7
2499,2024-07-29,5
2500,2024-07-30,2
2501,2024-07-31,11
2502,2024-08-01,14
2503,2024-08-02,1
2504,2024-08-04,1
2505,2024-08-05,8
2506,2024-08-06,2
2507,2024-08-07,6
2508,2024-08-08,3
2509,2024-08-09,3
2510,2024-08-10,3
2511,2024-08-12,7
2512,2024-08-13,5
2513,2024-08-14,3
2514,2024-08-15,6
2515,2024-08-16,10
2516,2024-08-19,9
2517,2024-08-20,7
2518,2024-08-21,4
2519,2024-08-22,2
2520,2024-08-23,4
2521,2024-08-25,2
2522,2024-08-26,6
2523,2024-08-27,7
2524,2024-08-28,5
2525,2024-08-29,3
2526,2024-09-01,3
2527,2024-09-02,1
2528,2024-09-03,4
2529,2024-09-04,13
2530,2024-09-05,3
2531,2024-09-06,6
2532,2024-09-07,1
2533,2024-09-09,1
2534,2024-09-10,6
2535,2024-09-11,6
2536,2024-09-12,7
2537,2024-09-13,4
2538,2024-09-16,9
2539,2024-09-17,6
2540,2024-09-18,5
2541,2024-09-19,8
2542,2024-09-20,3
2543,2024-09-22,1
2544,2024-09-23,8
2545,2024-09-24,5
2546,2024-09-25,5
2547,2024-09-26,4
2548,2024-09-27,2
2549,2024-09-30,1
2550,2024-10-01,9
2551,2024-10-02,5
2552,2024-10-03,2
2553,2024-10-04,2
2554,2024-10-07,5
2555,2024-10-08,3
2556,2024-10-09,6
2557,2024-10-10,4
2558,2024-10-11,3
2559,2024-10-12,1
2560,2024-10-14,3
2561,2024-10-15,3
2562,2024-10-16,1
2563,2024-10-17,12
2564,2024-10-18,4
2565,2024-10-19,2
2566,2024-10-21,6
2567,2024-10-22,2
2568,2024-10-24,5
2569,2024-10-25,5
2570,2024-10-27,2
2571,2024-10-28,4
2572,2024-10-29,7
2573,2024-10-30,5
2574,2024-11-01,2
2575,2024-11-02,2
2576,2024-11-04,3
2577,2024-11-05,1
2578,2024-11-06,1
2579,2024-11-07,2
2580,2024-11-08,1
2581,2024-11-09,1
2582,2024-11-11,1
2583,2024-11-12,8
2584,2024-11-13,3
2585,2024-11-14,2
2586,2024-11-15,6
2587,2024-11-18,5
2588,2024-11-19,9
2589,2024-11-20,2
2590,2024-11-21,3
2591,2024-11-25,10
2592,2024-11-26,3
2593,2024-11-27,1
2594,2024-11-29,1
2595,2024-12-02,3
2596,2024-12-03,7
2597,2024-12-04,4
2598,2024-12-05,3
2599,2024-12-09,3
2600,2024-12-10,2
2601,2024-12-11,3
2602,2024-12-13,4
2603,2024-12-15,1
2604,2024-12-16,3
2605,2024-12-17,6
2606,2024-12-18,1
2607,2024-12-19,2
2608,2024-12-20,1
2609,2024-12-23,4
2610,2024-12-26,1
2611,2024-12-27,2
2612,2024-12-30,1
2613,2024-12-31,1
2614,2025-01-02,1
2615,2025-01-03,1
2616,2025-01-04,1
2617,2025-01-07,3
2618,2025-01-08,3
2619,2025-01-09,2
2620,2025-01-10,3
2621,2025-01-11,3
2622,2025-01-13,4
2623,2025-01-14,3
2624,2025-01-15,4
2625,2025-01-16,3
2626,2025-01-17,1
2627,2025-01-18,2
2628,2025-01-19,1
2629,2025-01-21,3
2630,2025-01-22,1
2631,2025-01-23,2
2632,2025-01-24,3
2633,2025-01-27,3
2634,2025-01-29,5
2635,2025-01-31,2
2636,2025-02-01,2
2637,2025-02-03,5
2638,2025-02-04,3
2639,2025-02-05,4
2640,2025-02-06,3
2641,2025-02-07,4
2642,2025-02-08,2
2643,2025-02-10,4
2644,2025-02-11,6
2645,2025-02-12,1
2646,2025-02-16,1
2647,2025-02-18,9
2648,2025-02-19,5
2649,2025-02-20,7
2650,2025-02-21,1
2651,2025-02-23,1
2652,2025-02-24,3
2653,2025-02-25,8
2654,2025-02-26,12
2655,2025-02-27,4
2656,2025-02-28,5
2657,2025-03-02,2
2658,2025-03-03,2
2659,2025-03-04,4
2660,2025-03-05,3
2661,2025-03-06,5
2662,2025-03-07,5
2663,2025-03-10,8
2664,2025-03-11,7
2665,2025-03-12,10
2666,2025-03-13,12
2667,2025-03-14,5
2668,2025-03-15,1
2669,2025-03-16,1
2670,2025-03-17,4
2671,2025-03-18,3
2672,2025-03-19,1
2673,2025-03-20,3
2674,2025-03-21,1
2675,2025-03-23,1
2676,2025-03-24,3
2677,2025-03-25,3
2678,2025-03-26,3
2679,2025-03-27,1
2680,2025-03-28,3
2681,2025-03-31,2
2682,2025-04-01,4
2683,2025-04-02,4
2684,2025-04-03,2
2685,2025-04-04,1
2686,2025-04-05,1
2687,2025-04-07,4
2688,2025-04-08,3
2689,2025-04-09,1
2690,2025-04-10,1
2691,2025-04-14,1
2692,2025-04-15,7
2693,2025-04-16,3
2694,2025-04-17,4
2695,2025-04-18,2
2696,2025-04-19,2
2697,2025-04-20,1
2698,2025-04-21,1
2699,2025-04-22,2
2700,2025-04-23,2
2701,2025-04-24,4
2702,2025-04-25,8
2703,2025-04-26,2
2704,2025-04-28,2
2705,2025-04-29,3
2706,2025-04-30,4
2707,2025-05-01,2
2708,2025-05-05,2
2709,2025-05-06,3
2710,2025-05-07,9
2711,2025-05-08,2
2712,2025-05-09,2
2713,2025-05-10,1
2714,2025-05-11,2
2715,2025-05-12,5
2716,2025-05-13,3
2717,2025-05-14,4
2718,2025-05-15,1
2719,2025-05-16,5
2720,2025-05-19,4
2721,2025-05-20,8
2722,2025-05-21,4
2723,2025-05-22,4
2724,2025-05-23,2
2725,2025-05-24,2
2726,2025-05-25,2
2727,2025-05-27,4
2728,2025-05-28,6
2729,2025-05-29,5
2730,2025-06-03,7
2731,2025-06-04,5
2732,2025-06-05,7
2733,2025-06-06,4
2734,2025-06-09,5
2735,2025-06-10,2
2736,2025-06-11,3
2737,2025-06-12,3
2738,2025-06-13,4
2739,2025-06-16,2
2740,2025-06-17,6
2741,2025-06-18,2
2742,2025-06-19,2
2743,2025-06-20,3
2744,2025-06-21,2
2745,2025-06-23,11
2746,2025-06-24,7
2747,2025-06-25,4
2748,2025-06-26,4
2749,2025-06-27,2
2750,2025-06-28,1
2751,2025-06-30,9
2752,2025-07-01,4
2753,2025-07-02,2
2754,2025-07-03,2
2755,2025-07-04,1
2756,2025-07-06,2
2757,2025-07-07,3
2758,2025-07-08,4
2759,2025-07-09,5
2760,2025-07-10,10
2761,2025-07-11,10
2762,2025-07-12,3
2763,2025-07-13,1
2764,2025-07-14,8
2765,2025-07-15,8
2766,2025-07-16,23
2767,2025-07-17,6
2768,2025-07-18,12
2769,2025-07-19,1
2770,2025-07-20,1
2771,2025-07-21,15
2772,2025-07-22,12
2773,2025-07-23,10
2774,2025-07-24,6
2775,2025-07-25,5
2776,2025-07-26,2
2777,2025-07-28,6
2778,2025-07-29,18
2779,2025-07-30,13
2780,2025-07-31,7
2781,2025-08-01,3
2782,2025-08-02,1
2783,2025-08-04,11
2784,2025-08-05,17
2785,2025-08-06,4
2786,2025-08-07,9
2787,2025-08-08,6
2788,2025-08-09,1
2789,2025-08-11,5
2790,2025-08-12,12
2791,2025-08-13,7
2792,2025-08-14,8
2793,2025-08-15,5
2794,2025-08-16,1
2795,2025-08-18,7
2796,2025-08-19,5
2797,2025-08-20,6
2798,2025-08-21,4
2799,2025-08-22,7
2800,2025-08-24,1
2801,2025-08-25,8
2802,2025-08-26,5
2803,2025-08-27,6
2804,2025-08-28,4
2805,2025-08-30,1
2806,2025-08-31,1
2807,2025-09-01,1
2808,2025-09-02,7
2809,2025-09-03,5
2810,2025-09-04,5
2811,2025-09-05,6
2812,2025-09-06,1
2813,2025-09-08,4
2814,2025-09-09,11
2815,2025-09-10,9
2816,2025-09-11,4
2817,2025-09-12,2
2818,2025-09-15,13
2819,2025-09-16,7
2820,2025-09-17,6
2821,2025-09-18,4
2822,2025-09-19,2
2823,2025-09-22,2
2824,2025-09-23,3
2825,2025-09-24,4
2826,2025-09-25,3
2827,2025-09-26,2
2828,2025-09-29,1
