day,cnt
2016-01-10,1
2016-01-11,43
2016-01-12,40
2016-01-13,40
2016-01-14,32
2016-01-15,48
2016-01-16,10
2016-01-17,7
2016-01-18,11
2016-01-19,55
2016-01-20,53
2016-01-21,63
2016-01-22,40
2016-01-23,1
2016-01-24,2
2016-01-25,11
2016-01-26,9
2016-01-27,19
2016-01-28,19
2016-01-29,26
2016-01-30,8
2016-01-31,8
2016-02-01,68
2016-02-02,52
2016-02-03,67
2016-02-04,74
2016-02-05,41
2016-02-06,14
2016-02-07,18
2016-02-08,76
2016-02-09,39
2016-02-10,35
2016-02-11,51
2016-02-12,39
2016-02-13,15
2016-02-14,4
2016-02-15,17
2016-02-16,56
2016-02-17,56
2016-02-18,50
2016-02-19,64
2016-02-20,6
2016-02-21,13
2016-02-22,102
2016-02-23,46
2016-02-24,48
2016-02-25,80
2016-02-26,57
2016-02-27,13
2016-02-28,11
2016-02-29,83
2016-03-01,73
2016-03-02,48
2016-03-03,45
2016-03-04,50
2016-03-05,15
2016-03-06,25
2016-03-07,78
2016-03-08,56
2016-03-09,50
2016-03-10,82
2016-03-11,76
2016-03-12,7
2016-03-13,16
2016-03-14,49
2016-03-15,66
2016-03-16,79
2016-03-17,67
2016-03-18,69
2016-03-19,13
2016-03-20,6
2016-03-21,79
2016-03-22,63
2016-03-23,52
2016-03-24,68
2016-03-25,15
2016-03-26,10
2016-03-27,5
2016-03-28,116
2016-03-29,68
2016-03-30,67
2016-03-31,75
2016-04-01,72
2016-04-02,15
2016-04-03,2
2016-04-04,95
2016-04-05,48
2016-04-06,55
2016-04-07,72
2016-04-08,43
2016-04-09,12
2016-04-10,13
2016-04-11,72
2016-04-12,41
2016-04-13,52
2016-04-14,58
2016-04-15,59
2016-04-16,14
2016-04-17,12
2016-04-18,79
2016-04-19,74
2016-04-20,44
2016-04-21,55
2016-04-22,40
2016-04-23,10
2016-04-24,11
2016-04-25,53
2016-04-26,47
2016-04-27,50
2016-04-28,49
2016-04-29,38
2016-04-30,14
2016-05-01,6
2016-05-02,46
2016-05-03,40
2016-05-04,65
2016-05-05,49
2016-05-06,41
2016-05-07,13
2016-05-08,7
2016-05-09,60
2016-05-10,62
2016-05-11,57
2016-05-12,62
2016-05-13,48
2016-05-14,16
2016-05-15,7
2016-05-16,60
2016-05-17,59
2016-05-18,47
2016-05-19,54
2016-05-20,54
2016-05-21,6
2016-05-22,9
2016-05-23,46
2016-05-24,56
2016-05-25,67
2016-05-26,61
2016-05-27,52
2016-05-28,9
2016-05-29,8
2016-05-30,11
2016-05-31,88
2016-06-01,74
2016-06-02,77
2016-06-03,72
2016-06-04,17
2016-06-05,12
2016-06-06,83
2016-06-07,75
2016-06-08,57
2016-06-09,71
2016-06-10,59
2016-06-11,15
2016-06-12,13
2016-06-13,67
2016-06-14,55
2016-06-15,53
2016-06-16,63
2016-06-17,52
2016-06-18,10
2016-06-19,12
2016-06-20,82
2016-06-21,78
2016-06-22,81
2016-06-23,82
2016-06-24,67
2016-06-25,24
2016-06-26,8
2016-06-27,87
2016-06-28,71
2016-06-29,65
2016-06-30,78
2016-07-01,77
2016-07-02,17
2016-07-03,8
2016-07-04,13
2016-07-05,69
2016-07-06,91
2016-07-07,87
2016-07-08,90
2016-07-09,15
2016-07-10,27
2016-07-11,95
2016-07-12,79
2016-07-13,63
2016-07-14,70
2016-07-15,61
2016-07-16,13
2016-07-17,13
2016-07-18,73
2016-07-19,72
2016-07-20,65
2016-07-21,54
2016-07-22,70
2016-07-23,11
2016-07-24,11
2016-07-25,83
2016-07-26,80
2016-07-27,72
2016-07-28,79
2016-07-29,63
2016-07-30,25
2016-07-31,9
2016-08-01,99
2016-08-02,88
2016-08-03,75
2016-08-04,69
2016-08-05,73
2016-08-06,29
2016-08-07,17
2016-08-08,98
2016-08-09,76
2016-08-10,91
2016-08-11,87
2016-08-12,65
2016-08-13,11
2016-08-14,14
2016-08-15,100
2016-08-16,94
2016-08-17,108
2016-08-18,64
2016-08-19,84
2016-08-20,21
2016-08-21,26
2016-08-22,107
2016-08-23,74
2016-08-24,84
2016-08-25,82
2016-08-26,75
2016-08-27,17
2016-08-28,22
2016-08-29,82
2016-08-30,83
2016-08-31,91
2016-09-01,92
2016-09-02,44
2016-09-03,1
2016-09-04,84
2016-09-05,21
2016-09-06,127
2016-09-07,93
2016-09-08,80
2016-09-09,70
2016-09-10,16
2016-09-11,23
2016-09-12,95
2016-09-13,85
2016-09-14,83
2016-09-15,75
2016-09-16,74
2016-09-17,8
2016-09-18,13
2016-09-19,65
2016-09-20,72
2016-09-21,78
2016-09-22,62
2016-09-23,59
2016-09-24,8
2016-09-25,22
2016-09-26,81
2016-09-27,64
2016-09-28,69
2016-09-29,63
2016-09-30,30
2016-10-01,16
2016-10-02,26
2016-10-03,70
2016-10-04,85
2016-10-05,85
2016-10-06,77
2016-10-07,66
2016-10-08,19
2016-10-09,11
2016-10-10,20
2016-10-11,78
2016-10-12,92
2016-10-13,67
2016-10-14,62
2016-10-15,8
2016-10-16,19
2016-10-17,63
2016-10-18,74
2016-10-19,87
2016-10-20,62
2016-10-21,57
2016-10-22,12
2016-10-23,6
2016-10-24,88
2016-10-25,60
2016-10-26,41
2016-10-27,59
2016-10-28,32
2016-10-29,7
2016-10-30,9
2016-10-31,64
2016-11-01,43
2016-11-02,74
2016-11-03,64
2016-11-04,48
2016-11-05,13
2016-11-06,12
2016-11-07,53
2016-11-08,51
2016-11-09,51
2016-11-10,42
2016-11-11,15
2016-11-12,12
2016-11-13,10
2016-11-14,67
2016-11-15,50
2016-11-16,59
2016-11-17,50
2016-11-18,55
2016-11-19,14
2016-11-20,12
2016-11-21,67
2016-11-22,50
2016-11-23,37
2016-11-24,1
2016-11-25,32
2016-11-26,8
2016-11-27,11
2016-11-28,75
2016-11-29,48
2016-11-30,45
2016-12-01,61
2016-12-02,55
2016-12-03,20
2016-12-04,18
2016-12-05,51
2016-12-06,55
2016-12-07,60
2016-12-08,55
2016-12-09,53
2016-12-10,11
2016-12-11,19
2016-12-12,40
2016-12-13,66
2016-12-14,68
2016-12-15,43
2016-12-16,41
2016-12-17,7
2016-12-18,11
2016-12-19,63
2016-12-20,58
2016-12-21,31
2016-12-22,62
2016-12-23,46
2016-12-24,15
2016-12-25,1
2016-12-26,7
2016-12-27,74
2016-12-28,65
2016-12-29,44
2016-12-30,42
2016-12-31,9
2017-01-01,15
2017-01-02,15
2017-01-03,60
2017-01-04,81
2017-01-05,52
2017-01-06,40
2017-01-07,18
2017-01-08,9
2017-01-09,38
2017-01-10,23
2017-01-11,54
2017-01-12,67
2017-01-13,63
2017-01-14,38
2017-01-15,14
2017-01-16,23
2017-01-17,61
2017-01-18,60
2017-01-19,62
2017-01-20,36
2017-01-21,19
2017-01-22,6
2017-01-23,48
2017-01-24,62
2017-01-25,65
2017-01-26,45
2017-01-27,49
2017-01-28,15
2017-01-29,15
2017-01-30,65
2017-01-31,58
2017-02-01,50
2017-02-02,72
2017-02-03,52
2017-02-04,18
2017-02-05,15
2017-02-06,77
2017-02-07,74
2017-02-08,50
2017-02-09,18
2017-02-10,34
2017-02-11,21
2017-02-12,5
2017-02-13,64
2017-02-14,65
2017-02-15,57
2017-02-16,61
2017-02-17,55
2017-02-18,24
2017-02-19,22
2017-02-20,24
2017-02-21,89
2017-02-22,74
2017-02-23,79
2017-02-24,60
2017-02-25,26
2017-02-26,16
2017-02-27,75
2017-02-28,63
2017-03-01,70
2017-03-02,59
2017-03-03,49
2017-03-04,12
2017-03-05,8
2017-03-06,94
2017-03-07,79
2017-03-08,72
2017-03-09,70
2017-03-10,33
2017-03-11,6
2017-03-12,13
2017-03-13,63
2017-03-14,11
2017-03-15,21
2017-03-16,23
2017-03-17,37
2017-03-18,18
2017-03-19,13
2017-03-20,56
2017-03-21,77
2017-03-22,75
2017-03-23,62
2017-03-24,60
2017-03-25,26
2017-03-26,9
2017-03-27,77
2017-03-28,63
2017-03-29,71
2017-03-30,84
2017-03-31,36
2017-04-01,20
2017-04-02,34
2017-04-03,85
2017-04-04,74
2017-04-05,77
2017-04-06,42
2017-04-07,68
2017-04-08,14
2017-04-09,9
2017-04-10,76
2017-04-11,73
2017-04-12,66
2017-04-13,54
2017-04-14,16
2017-04-15,23
2017-04-16,7
2017-04-17,77
2017-04-18,78
2017-04-19,86
2017-04-20,68
2017-04-21,40
2017-04-22,19
2017-04-23,26
2017-04-24,66
2017-04-25,53
2017-04-26,67
2017-04-27,93
2017-04-28,55
2017-04-29,21
2017-04-30,16
2017-05-01,69
2017-05-02,66
2017-05-03,68
2017-05-04,69
2017-05-05,49
2017-05-06,10
2017-05-07,12
2017-05-08,68
2017-05-09,68
2017-05-10,62
2017-05-11,66
2017-05-12,65
2017-05-13,5
2017-05-15,85
2017-05-16,60
2017-05-17,59
2017-05-18,62
2017-05-19,73
2017-05-20,18
2017-05-21,26
2017-05-22,97
2017-05-23,83
2017-05-24,113
2017-05-25,64
2017-05-26,55
2017-05-27,17
2017-05-28,13
2017-05-29,17
2017-05-30,111
2017-05-31,82
2017-06-01,101
2017-06-02,70
2017-06-03,12
2017-06-04,1
2017-06-05,122
2017-06-06,63
2017-06-07,66
2017-06-08,61
2017-06-09,67
2017-06-10,15
2017-06-11,17
2017-06-12,81
2017-06-13,82
2017-06-14,96
2017-06-15,79
2017-06-16,89
2017-06-17,24
2017-06-18,16
2017-06-19,88
2017-06-20,88
2017-06-21,95
2017-06-22,74
2017-06-23,84
2017-06-24,22
2017-06-25,22
2017-06-26,105
2017-06-27,94
2017-06-28,81
2017-06-29,69
2017-06-30,85
2017-07-01,24
2017-07-02,16
2017-07-03,66
2017-07-04,15
2017-07-05,96
2017-07-06,80
2017-07-07,72
2017-07-08,24
2017-07-09,21
2017-07-10,120
2017-07-11,100
2017-07-12,110
2017-07-13,94
2017-07-14,62
2017-07-16,2
2017-07-17,150
2017-07-18,82
2017-07-19,85
2017-07-20,92
2017-07-21,85
2017-07-22,23
2017-07-23,19
2017-07-24,129
2017-07-25,107
2017-07-26,102
2017-07-27,103
2017-07-28,87
2017-07-29,30
2017-07-30,19
2017-07-31,97
2017-08-01,73
2017-08-02,97
2017-08-03,110
2017-08-04,81
2017-08-05,12
2017-08-07,149
2017-08-08,89
2017-08-09,87
2017-08-10,91
2017-08-11,63
2017-08-14,203
2017-08-15,102
2017-08-16,101
2017-08-17,101
2017-08-18,75
2017-08-19,26
2017-08-20,20
2017-08-21,92
2017-08-22,83
2017-08-23,89
2017-08-24,63
2017-08-25,90
2017-08-26,17
2017-08-27,29
2017-08-28,112
2017-08-29,67
2017-08-30,85
2017-08-31,94
2017-09-01,103
2017-09-02,21
2017-09-03,22
2017-09-04,12
2017-09-05,196
2017-09-06,85
2017-09-07,88
2017-09-08,73
2017-09-09,30
2017-09-10,12
2017-09-11,93
2017-09-12,89
2017-09-13,83
2017-09-14,75
2017-09-15,58
2017-09-16,18
2017-09-17,21
2017-09-18,95
2017-09-19,107
2017-09-20,73
2017-09-21,87
2017-09-22,39
2017-09-23,1
2017-09-25,165
2017-09-26,86
2017-09-27,75
2017-09-28,87
2017-09-29,78
2017-09-30,33
2017-10-01,22
2017-10-02,93
2017-10-03,71
2017-10-04,71
2017-10-05,80
2017-10-06,70
2017-10-07,16
2017-10-08,27
2017-10-09,33
2017-10-10,109
2017-10-11,60
2017-10-12,55
2017-10-13,52
2017-10-14,8
2017-10-15,12
2017-10-16,70
2017-10-17,62
2017-10-18,59
2017-10-19,120
2017-10-20,61
2017-10-21,23
2017-10-22,20
2017-10-23,104
2017-10-24,85
2017-10-25,63
2017-10-26,92
2017-10-27,68
2017-10-28,17
2017-10-29,19
2017-10-30,78
2017-10-31,68
2017-11-01,66
2017-11-02,80
2017-11-03,63
2017-11-04,19
2017-11-05,19
2017-11-06,96
2017-11-07,65
2017-11-08,56
2017-11-09,65
2017-11-10,54
2017-11-11,16
2017-11-12,16
2017-11-13,53
2017-11-14,59
2017-11-15,59
2017-11-16,80
2017-11-17,70
2017-11-18,19
2017-11-19,10
2017-11-20,77
2017-11-21,63
2017-11-22,54
2017-11-23,3
2017-11-24,27
2017-11-25,15
2017-11-26,10
2017-11-27,74
2017-11-28,73
2017-11-29,54
2017-11-30,63
2017-12-01,69
2017-12-02,13
2017-12-03,20
2017-12-04,68
2017-12-05,74
2017-12-06,42
2017-12-07,61
2017-12-08,58
2017-12-09,17
2017-12-10,4
2017-12-11,49
2017-12-12,69
2017-12-13,78
2017-12-14,38
2017-12-15,37
2017-12-16,13
2017-12-17,8
2017-12-18,64
2017-12-19,69
2017-12-20,56
2017-12-21,52
2017-12-22,35
2017-12-23,13
2017-12-24,15
2017-12-25,5
2017-12-26,50
2017-12-27,44
2017-12-28,33
2017-12-29,53
2017-12-30,4
2017-12-31,2
2018-01-01,5
2018-01-02,30
2018-01-03,32
2018-01-04,23
2018-01-05,16
2018-01-06,3
2018-01-07,6
2018-01-08,27
2018-01-09,31
2018-01-10,38
2018-01-11,56
2018-01-12,54
2018-01-13,23
2018-01-14,24
2018-01-15,29
2018-01-16,90
2018-01-17,60
2018-01-18,33
2018-01-19,88
2018-01-20,42
2018-01-21,2
2018-01-22,79
2018-01-23,160
2018-01-24,91
2018-01-25,70
2018-01-26,67
2018-01-27,23
2018-01-28,3
2018-01-29,148
2018-01-30,63
2018-01-31,57
2018-02-01,64
2018-02-02,50
2018-02-03,5
2018-02-04,12
2018-02-05,76
2018-02-06,69
2018-02-07,46
2018-02-08,26
2018-02-09,76
2018-02-10,21
2018-02-11,13
2018-02-12,94
2018-02-13,88
2018-02-14,67
2018-02-15,65
2018-02-16,65
2018-02-17,9
2018-02-18,11
2018-02-19,44
2018-02-20,59
2018-02-21,73
2018-02-22,93
2018-02-23,80
2018-02-24,25
2018-02-25,27
2018-02-26,112
2018-02-27,94
2018-02-28,83
2018-03-01,79
2018-03-02,60
2018-03-03,18
2018-03-04,29
2018-03-05,77
2018-03-06,94
2018-03-07,7
2018-03-08,46
2018-03-09,43
2018-03-10,11
2018-03-11,5
2018-03-12,100
2018-03-13,95
2018-03-14,93
2018-03-15,76
2018-03-16,35
2018-03-17,31
2018-03-18,39
2018-03-19,230
2018-03-20,60
2018-03-21,22
2018-03-22,37
2018-03-23,63
2018-03-24,29
2018-03-25,17
2018-03-26,103
2018-03-27,83
2018-03-28,91
2018-03-29,58
2018-03-30,37
2018-03-31,25
2018-04-01,28
2018-04-02,89
2018-04-03,100
2018-04-04,89
2018-04-05,99
2018-04-06,71
2018-04-07,17
2018-04-08,22
2018-04-09,154
2018-04-10,99
2018-04-11,95
2018-04-12,82
2018-04-13,75
2018-04-14,33
2018-04-15,18
2018-04-16,90
2018-04-17,73
2018-04-18,61
2018-04-19,81
2018-04-20,83
2018-04-21,13
2018-04-22,20
2018-04-23,92
2018-04-24,100
2018-04-25,79
2018-04-26,73
2018-04-27,57
2018-04-28,24
2018-04-29,15
2018-04-30,85
2018-05-01,92
2018-05-02,76
2018-05-03,91
2018-05-04,68
2018-05-05,44
2018-05-06,32
2018-05-07,71
2018-05-08,68
2018-05-09,84
2018-05-10,76
2018-05-11,71
2018-05-12,25
2018-05-13,11
2018-05-14,105
2018-05-15,98
2018-05-16,60
2018-05-17,68
2018-05-18,60
2018-05-19,16
2018-05-20,30
2018-05-21,81
2018-05-22,105
2018-05-23,98
2018-05-24,88
2018-05-25,74
2018-05-26,28
2018-05-27,15
2018-05-28,19
2018-05-29,105
2018-05-30,108
2018-05-31,65
2018-06-01,125
2018-06-02,54
2018-06-03,17
2018-06-04,99
2018-06-05,97
2018-06-06,101
2018-06-07,93
2018-06-08,65
2018-06-09,32
2018-06-10,18
2018-06-11,104
2018-06-12,87
2018-06-13,109
2018-06-14,105
2018-06-15,59
2018-06-16,27
2018-06-17,27
2018-06-18,73
2018-06-19,129
2018-06-20,155
2018-06-21,95
2018-06-22,74
2018-06-23,48
2018-06-24,50
2018-06-25,103
2018-06-26,112
2018-06-27,109
2018-06-28,92
2018-06-29,89
2018-06-30,31
2018-07-01,37
2018-07-02,131
2018-07-03,106
2018-07-04,28
2018-07-05,120
2018-07-06,86
2018-07-07,29
2018-07-08,45
2018-07-09,149
2018-07-10,129
2018-07-11,118
2018-07-12,101
2018-07-13,102
2018-07-14,31
2018-07-15,29
2018-07-16,127
2018-07-17,114
2018-07-18,120
2018-07-19,130
2018-07-20,95
2018-07-21,25
2018-07-22,23
2018-07-23,124
2018-07-24,116
2018-07-25,109
2018-07-26,96
2018-07-27,92
2018-07-28,25
2018-07-29,10
2018-07-30,74
2018-07-31,119
2018-08-01,162
2018-08-02,101
2018-08-03,83
2018-08-04,17
2018-08-05,17
2018-08-06,107
2018-08-07,89
2018-08-08,162
2018-08-09,110
2018-08-10,105
2018-08-11,24
2018-08-12,23
2018-08-13,123
2018-08-14,115
2018-08-15,102
2018-08-16,103
2018-08-17,84
2018-08-18,23
2018-08-19,26
2018-08-20,126
2018-08-21,125
2018-08-22,109
2018-08-23,104
2018-08-24,79
2018-08-25,32
2018-08-26,29
2018-08-27,129
2018-08-28,133
2018-08-29,120
2018-08-30,112
2018-08-31,66
2018-09-01,28
2018-09-02,33
2018-09-03,40
2018-09-04,153
2018-09-05,127
2018-09-06,148
2018-09-07,104
2018-09-08,30
2018-09-09,22
2018-09-10,122
2018-09-11,102
2018-09-12,113
2018-09-13,94
2018-09-14,108
2018-09-15,29
2018-09-16,29
2018-09-17,116
2018-09-18,113
2018-09-19,95
2018-09-20,118
2018-09-21,112
2018-09-22,17
2018-09-23,16
2018-09-24,113
2018-09-25,90
2018-09-26,93
2018-09-27,89
2018-09-28,97
2018-09-29,21
2018-09-30,29
2018-10-01,121
2018-10-02,97
2018-10-03,117
2018-10-04,105
2018-10-05,61
2018-10-06,22
2018-10-07,32
2018-10-08,55
2018-10-09,126
2018-10-10,89
2018-10-11,97
2018-10-12,77
2018-10-13,30
2018-10-14,31
2018-10-15,115
2018-10-16,66
2018-10-17,91
2018-10-18,83
2018-10-19,59
2018-10-20,23
2018-10-21,27
2018-10-22,124
2018-10-23,105
2018-10-24,70
2018-10-25,57
2018-10-26,74
2018-10-27,16
2018-10-28,32
2018-10-29,79
2018-10-30,62
2018-10-31,83
2018-11-01,82
2018-11-02,74
2018-11-03,18
2018-11-04,20
2018-11-05,64
2018-11-06,76
2018-11-07,87
2018-11-08,65
2018-11-09,53
2018-11-10,1
2018-11-11,1
2018-11-13,151
2018-11-14,81
2018-11-15,48
2018-11-16,48
2018-11-17,21
2018-11-18,15
2018-11-19,113
2018-11-20,87
2018-11-21,62
2018-11-22,9
2018-11-23,21
2018-11-24,16
2018-11-25,28
2018-11-26,71
2018-11-27,78
2018-11-28,63
2018-11-29,47
2018-11-30,127
2018-12-01,21
2018-12-02,25
2018-12-03,125
2018-12-04,81
2018-12-05,81
2018-12-06,87
2018-12-07,86
2018-12-08,27
2018-12-09,15
2018-12-10,93
2018-12-11,84
2018-12-12,68
2018-12-13,86
2018-12-14,61
2018-12-15,12
2018-12-16,13
2018-12-17,97
2018-12-18,83
2018-12-19,94
2018-12-20,68
2018-12-21,57
2018-12-22,21
2018-12-23,23
2018-12-24,56
2018-12-25,4
2018-12-26,56
2018-12-27,81
2018-12-28,59
2018-12-29,13
2018-12-30,27
2018-12-31,76
2019-01-01,16
2019-01-02,132
2019-01-03,103
2019-01-04,73
2019-01-05,36
2019-01-06,37
2019-01-07,97
2019-01-08,105
2019-01-09,93
2019-01-10,75
2019-01-11,77
2019-01-12,21
2019-01-13,12
2019-01-14,61
2019-01-15,54
2019-01-16,72
2019-01-17,74
2019-01-18,49
2019-01-19,17
2019-01-20,17
2019-01-21,22
2019-01-22,66
2019-01-23,91
2019-01-24,87
2019-01-25,78
2019-01-26,24
2019-01-27,22
2019-01-28,90
2019-01-29,82
2019-01-30,73
2019-01-31,40
2019-02-01,38
2019-02-02,4
2019-02-03,22
2019-02-04,72
2019-02-05,96
2019-02-06,97
2019-02-07,74
2019-02-08,78
2019-02-09,28
2019-02-10,27
2019-02-11,64
2019-02-12,40
2019-02-13,71
2019-02-14,63
2019-02-15,89
2019-02-16,18
2019-02-17,21
2019-02-18,36
2019-02-19,99
2019-02-20,39
2019-02-21,79
2019-02-22,79
2019-02-23,31
2019-02-24,24
2019-02-25,108
2019-02-26,69
2019-02-27,94
2019-02-28,87
2019-03-01,44
2019-03-02,14
2019-03-03,21
2019-03-04,71
2019-03-05,79
2019-03-06,65
2019-03-07,68
2019-03-08,58
2019-03-09,34
2019-03-10,27
2019-03-11,119
2019-03-12,118
2019-03-13,110
2019-03-14,95
2019-03-15,105
2019-03-16,28
2019-03-17,28
2019-03-18,107
2019-03-19,95
2019-03-20,108
2019-03-21,57
2019-03-22,75
2019-03-23,19
2019-03-24,11
2019-03-25,94
2019-03-26,76
2019-03-27,84
2019-03-28,68
2019-03-29,59
2019-03-30,24
2019-03-31,8
2019-04-01,90
2019-04-02,70
2019-04-03,95
2019-04-04,79
2019-04-05,42
2019-04-06,18
2019-04-07,24
2019-04-08,100
2019-04-09,75
2019-04-10,83
2019-04-11,69
2019-04-12,53
2019-04-13,12
2019-04-14,10
2019-04-15,249
2019-04-16,374
2019-04-17,106
2019-04-18,101
2019-04-19,43
2019-04-20,14
2019-04-21,19
2019-04-22,107
2019-04-23,92
2019-04-24,94
2019-04-25,101
2019-04-26,78
2019-04-27,32
2019-04-28,22
2019-04-29,138
2019-04-30,96
2019-05-01,103
2019-05-02,134
2019-05-03,80
2019-05-04,39
2019-05-05,22
2019-05-06,161
2019-05-07,104
2019-05-08,91
2019-05-09,86
2019-05-10,79
2019-05-11,34
2019-05-12,11
2019-05-13,66
2019-05-14,95
2019-05-15,84
2019-05-16,90
2019-05-17,101
2019-05-18,21
2019-05-19,21
2019-05-20,116
2019-05-21,127
2019-05-22,125
2019-05-23,107
2019-05-24,73
2019-05-25,28
2019-05-26,19
2019-05-27,19
2019-05-28,157
2019-05-29,114
2019-05-30,112
2019-05-31,110
2019-06-01,47
2019-06-02,32
2019-06-03,158
2019-06-04,119
2019-06-05,150
2019-06-06,119
2019-06-07,124
2019-06-08,42
2019-06-09,20
2019-06-10,144
2019-06-11,125
2019-06-12,118
2019-06-13,99
2019-06-14,86
2019-06-15,25
2019-06-16,28
2019-06-17,126
2019-06-18,121
2019-06-19,97
2019-06-20,99
2019-06-21,83
2019-06-22,21
2019-06-23,23
2019-06-24,127
2019-06-25,112
2019-06-26,124
2019-06-27,104
2019-06-28,99
2019-06-29,29
2019-06-30,23
2019-07-01,141
2019-07-02,130
2019-07-03,92
2019-07-04,32
2019-07-05,85
2019-07-06,20
2019-07-07,43
2019-07-08,93
2019-07-09,144
2019-07-10,121
2019-07-11,108
2019-07-12,100
2019-07-13,37
2019-07-14,30
2019-07-15,180
2019-07-16,131
2019-07-17,120
2019-07-18,101
2019-07-19,93
2019-07-20,29
2019-07-21,23
2019-07-22,133
2019-07-23,112
2019-07-24,88
2019-07-25,104
2019-07-26,117
2019-07-27,32
2019-07-28,29
2019-07-29,110
2019-07-30,143
2019-07-31,107
2019-08-01,147
2019-08-02,118
2019-08-03,54
2019-08-04,44
2019-08-05,133
2019-08-06,145
2019-08-07,131
2019-08-08,104
2019-08-09,110
2019-08-10,36
2019-08-11,37
2019-08-12,134
2019-08-13,140
2019-08-14,131
2019-08-15,129
2019-08-16,112
2019-08-17,49
2019-08-18,25
2019-08-19,151
2019-08-20,126
2019-08-21,143
2019-08-22,122
2019-08-23,93
2019-08-25,1
2019-08-26,90
2019-08-27,242
2019-08-28,137
2019-08-29,116
2019-08-30,86
2019-08-31,45
2019-09-01,24
2019-09-02,31
2019-09-03,123
2019-09-04,72
2019-09-05,214
2019-09-06,121
2019-09-07,33
2019-09-08,28
2019-09-09,158
2019-09-10,134
2019-09-11,134
2019-09-12,142
2019-09-13,98
2019-09-14,30
2019-09-15,19
2019-09-16,104
2019-09-17,171
2019-09-18,130
2019-09-19,120
2019-09-20,98
2019-09-21,40
2019-09-22,29
2019-09-23,133
2019-09-24,146
2019-09-25,132
2019-09-26,110
2019-09-27,82
2019-09-28,31
2019-09-29,18
2019-09-30,142
2019-10-01,151
2019-10-02,131
2019-10-03,95
2019-10-04,102
2019-10-05,26
2019-10-06,32
2019-10-07,134
2019-10-08,104
2019-10-09,107
2019-10-10,104
2019-10-11,96
2019-10-12,25
2019-10-13,26
2019-10-14,38
2019-10-15,131
2019-10-16,113
2019-10-17,66
2019-10-18,106
2019-10-19,28
2019-10-20,23
2019-10-21,108
2019-10-22,120
2019-10-23,104
2019-10-24,93
2019-10-25,58
2019-10-26,20
2019-10-27,15
2019-10-28,116
2019-10-29,113
2019-10-30,83
2019-10-31,69
2019-11-01,82
2019-11-02,28
2019-11-03,11
2019-11-04,96
2019-11-05,83
2019-11-06,108
2019-11-07,99
2019-11-08,75
2019-11-09,18
2019-11-10,17
2019-11-11,58
2019-11-12,110
2019-11-13,82
2019-11-14,86
2019-11-15,78
2019-11-16,21
2019-11-17,25
2019-11-18,110
2019-11-19,109
2019-11-20,99
2019-11-21,80
2019-11-22,85
2019-11-23,24
2019-11-24,14
2019-11-25,64
2019-11-26,87
2019-11-27,55
2019-11-28,33
2019-11-29,52
2019-11-30,19
2019-12-01,15
2019-12-02,83
2019-12-03,87
2019-12-04,86
2019-12-05,74
2019-12-06,78
2019-12-07,19
2019-12-08,23
2019-12-09,86
2019-12-10,75
2019-12-11,64
2019-12-12,81
2019-12-13,65
2019-12-14,15
2019-12-15,21
2019-12-16,82
2019-12-17,57
2019-12-18,89
2019-12-19,67
2019-12-20,71
2019-12-21,15
2019-12-22,17
2019-12-23,88
2019-12-24,57
2019-12-25,10
2019-12-26,71
2019-12-27,69
2019-12-28,23
2019-12-29,15
2019-12-30,100
2019-12-31,77
2020-01-01,15
2020-01-02,118
2020-01-03,94
2020-01-04,21
2020-01-05,27
2020-01-06,136
2020-01-07,157
2020-01-08,90
2020-01-09,90
2020-01-10,114
2020-01-11,37
2020-01-12,30
2020-01-13,145
2020-01-14,98
2020-01-15,101
2020-01-16,121
2020-01-17,64
2020-01-18,11
2020-01-19,15
2020-01-20,24
2020-01-21,103
2020-01-22,113
2020-01-23,91
2020-01-24,86
2020-01-25,18
2020-01-26,20
2020-01-27,134
2020-01-28,91
2020-01-29,87
2020-01-30,71
2020-01-31,90
2020-02-01,25
2020-02-02,22
2020-02-03,111
2020-02-04,103
2020-02-05,103
2020-02-06,97
2020-02-07,80
2020-02-08,27
2020-02-09,31
2020-02-10,105
2020-02-11,95
2020-02-12,110
2020-02-13,92
2020-02-14,84
2020-02-15,23
2020-02-16,18
2020-02-17,38
2020-02-18,145
2020-02-19,122
2020-02-20,109
2020-02-21,94
2020-02-22,25
2020-02-23,26
2020-02-24,130
2020-02-25,100
2020-02-26,89
2020-02-27,87
2020-02-28,84
2020-02-29,11
2020-03-01,20
2020-03-02,83
2020-03-03,105
2020-03-04,88
2020-03-05,92
2020-03-06,77
2020-03-07,29
2020-03-08,20
2020-03-09,119
2020-03-10,111
2020-03-11,102
2020-03-12,86
2020-03-13,74
2020-03-14,28
2020-03-15,29
2020-03-16,92
2020-03-17,88
2020-03-18,100
2020-03-19,62
2020-03-20,48
2020-03-21,24
2020-03-22,28
2020-03-23,54
2020-03-24,57
2020-03-25,50
2020-03-26,70
2020-03-27,78
2020-03-28,17
2020-03-29,25
2020-03-30,76
2020-03-31,56
2020-04-01,70
2020-04-02,63
2020-04-03,61
2020-04-04,43
2020-04-05,30
2020-04-06,87
2020-04-07,75
2020-04-08,61
2020-04-09,67
2020-04-10,41
2020-04-11,29
2020-04-12,24
2020-04-13,46
2020-04-14,85
2020-04-15,88
2020-04-16,75
2020-04-17,63
2020-04-18,36
2020-04-19,29
2020-04-20,90
2020-04-21,80
2020-04-22,69
2020-04-23,60
2020-04-24,44
2020-04-25,18
2020-04-26,18
2020-04-27,99
2020-04-28,85
2020-04-29,84
2020-04-30,98
2020-05-01,99
2020-05-02,26
2020-05-03,38
2020-05-04,103
2020-05-05,98
2020-05-06,99
2020-05-07,86
2020-05-08,81
2020-05-09,38
2020-05-10,33
2020-05-11,101
2020-05-12,97
2020-05-13,93
2020-05-14,96
2020-05-15,64
2020-05-16,38
2020-05-17,39
2020-05-18,145
2020-05-19,120
2020-05-20,96
2020-05-21,110
2020-05-22,79
2020-05-23,72
2020-05-24,26
2020-05-25,33
2020-05-26,122
2020-05-27,127
2020-05-28,99
2020-05-29,99
2020-05-30,30
2020-05-31,38
2020-06-01,73
2020-06-02,72
2020-06-03,79
2020-06-04,77
2020-06-05,71
2020-06-06,39
2020-06-07,18
2020-06-08,92
2020-06-09,97
2020-06-10,104
2020-06-11,79
2020-06-12,82
2020-06-13,45
2020-06-14,35
2020-06-15,131
2020-06-16,167
2020-06-17,140
2020-06-18,100
2020-06-19,40
2020-06-20,51
2020-06-21,29
2020-06-22,128
2020-06-23,111
2020-06-24,121
2020-06-25,108
2020-06-26,85
2020-06-27,48
2020-06-28,43
2020-06-29,127
2020-06-30,151
2020-07-01,139
2020-07-02,100
2020-07-03,41
2020-07-04,29
2020-07-05,33
2020-07-06,87
2020-07-07,139
2020-07-08,129
2020-07-09,102
2020-07-10,92
2020-07-11,35
2020-07-12,40
2020-07-13,134
2020-07-14,107
2020-07-15,100
2020-07-16,86
2020-07-17,90
2020-07-18,24
2020-07-19,24
2020-07-20,86
2020-07-21,94
2020-07-22,74
2020-07-23,73
2020-07-24,98
2020-07-25,18
2020-07-26,22
2020-07-27,97
2020-07-28,80
2020-07-29,94
2020-07-30,97
2020-07-31,64
2020-08-01,43
2020-08-02,26
2020-08-03,113
2020-08-04,56
2020-08-05,88
2020-08-06,67
2020-08-07,92
2020-08-08,23
2020-08-09,10
2020-08-10,50
2020-08-11,58
2020-08-12,225
2020-08-13,108
2020-08-14,78
2020-08-15,24
2020-08-16,25
2020-08-17,93
2020-08-18,116
2020-08-19,102
2020-08-20,79
2020-08-21,85
2020-08-22,26
2020-08-23,27
2020-08-24,111
2020-08-25,103
2020-08-26,93
2020-08-27,86
2020-08-28,67
2020-08-29,31
2020-08-30,27
2020-08-31,97
2020-09-01,114
2020-09-02,123
2020-09-03,117
2020-09-04,84
2020-09-05,36
2020-09-06,26
2020-09-07,42
2020-09-08,154
2020-09-09,129
2020-09-10,132
2020-09-11,100
2020-09-12,24
2020-09-13,21
2020-09-14,130
2020-09-15,99
2020-09-16,114
2020-09-17,90
2020-09-18,96
2020-09-19,33
2020-09-20,35
2020-09-21,90
2020-09-22,104
2020-09-23,127
2020-09-24,121
2020-09-25,86
2020-09-26,19
2020-09-27,47
2020-09-28,122
2020-09-29,113
2020-09-30,76
2020-10-01,106
2020-10-02,71
2020-10-03,33
2020-10-04,37
2020-10-05,105
2020-10-06,86
2020-10-07,100
2020-10-08,108
2020-10-09,84
2020-10-10,17
2020-10-11,32
2020-10-12,32
2020-10-13,91
2020-10-14,81
2020-10-15,80
2020-10-16,57
2020-10-17,17
2020-10-18,21
2020-10-19,77
2020-10-20,59
2020-10-21,149
2020-10-22,106
2020-10-23,85
2020-10-24,22
2020-10-25,23
2020-10-26,82
2020-10-27,74
2020-10-28,65
2020-10-29,44
2020-10-30,46
2020-10-31,16
2020-11-01,18
2020-11-02,86
2020-11-03,74
2020-11-04,73
2020-11-05,70
2020-11-06,74
2020-11-07,17
2020-11-08,25
2020-11-09,96
2020-11-10,80
2020-11-11,35
2020-11-12,68
2020-11-13,47
2020-11-14,20
2020-11-15,32
2020-11-16,107
2020-11-17,92
2020-11-18,89
2020-11-19,63
2020-11-20,62
2020-11-21,21
2020-11-22,18
2020-11-23,99
2020-11-24,74
2020-11-25,76
2020-11-26,12
2020-11-27,32
2020-11-28,26
2020-11-29,19
2020-11-30,103
2020-12-01,80
2020-12-02,107
2020-12-03,81
2020-12-04,54
2020-12-05,19
2020-12-06,15
2020-12-07,93
2020-12-08,83
2020-12-09,75
2020-12-10,86
2020-12-11,80
2020-12-12,25
2020-12-13,18
2020-12-14,102
2020-12-15,90
2020-12-16,62
2020-12-17,25
2020-12-18,28
2020-12-19,6
2020-12-20,13
2020-12-21,49
2020-12-22,72
2020-12-23,60
2020-12-24,37
2020-12-25,11
2020-12-26,28
2020-12-27,19
2020-12-28,87
2020-12-29,92
2020-12-30,78
2020-12-31,51
2021-01-01,13
2021-01-02,22
2021-01-03,22
2021-01-04,92
2021-01-05,102
2021-01-06,94
2021-01-07,83
2021-01-08,114
2021-01-09,26
2021-01-10,31
2021-01-11,114
2021-01-12,125
2021-01-13,112
2021-01-14,101
2021-01-15,94
2021-01-16,25
2021-01-17,30
2021-01-18,40
2021-01-19,134
2021-01-20,92
2021-01-21,99
2021-01-22,112
2021-01-23,21
2021-01-24,21
2021-01-25,118
2021-01-26,82
2021-01-27,89
2021-01-28,42
2021-01-29,80
2021-01-30,21
2021-01-31,27
2021-02-01,60
2021-02-02,10
2021-02-03,20
2021-02-04,17
2021-02-05,29
2021-02-06,15
2021-02-07,18
2021-02-08,45
2021-02-09,56
2021-02-10,43
2021-02-11,34
2021-02-12,34
2021-02-13,17
2021-02-14,11
2021-02-15,22
2021-02-16,85
2021-02-17,72
2021-02-18,25
2021-02-19,22
2021-02-20,13
2021-02-21,8
2021-02-22,42
2021-02-23,40
2021-02-24,56
2021-02-25,84
2021-02-26,67
2021-02-27,36
2021-02-28,25
2021-03-01,111
2021-03-02,101
2021-03-03,82
2021-03-04,90
2021-03-05,78
2021-03-06,28
2021-03-07,35
2021-03-08,105
2021-03-09,87
2021-03-10,93
2021-03-11,74
2021-03-12,83
2021-03-13,34
2021-03-14,25
2021-03-15,90
2021-03-16,85
2021-03-17,76
2021-03-18,93
2021-03-19,60
2021-03-20,20
2021-03-21,19
2021-03-22,88
2021-03-23,93
2021-03-24,77
2021-03-25,104
2021-03-26,86
2021-03-27,41
2021-03-28,24
2021-03-29,86
2021-03-30,92
2021-03-31,81
2021-04-01,95
2021-04-02,46
2021-04-03,37
2021-04-04,32
2021-04-05,82
2021-04-06,118
2021-04-07,92
2021-04-08,103
2021-04-09,82
2021-04-10,41
2021-04-11,38
2021-04-12,79
2021-04-13,81
2021-04-14,112
2021-04-15,102
2021-04-16,75
2021-04-17,17
2021-04-18,27
2021-04-19,103
2021-04-20,95
2021-04-21,120
2021-04-22,73
2021-04-23,95
2021-04-24,44
2021-04-25,29
2021-04-26,108
2021-04-27,96
2021-04-28,99
2021-04-29,113
2021-04-30,90
2021-05-01,28
2021-05-02,24
2021-05-03,108
2021-05-04,95
2021-05-05,93
2021-05-06,90
2021-05-07,99
2021-05-08,27
2021-05-09,28
2021-05-10,73
2021-05-11,85
2021-05-12,102
2021-05-13,74
2021-05-14,61
2021-05-15,38
2021-05-16,24
2021-05-17,100
2021-05-18,101
2021-05-19,116
2021-05-20,105
2021-05-21,91
2021-05-22,34
2021-05-23,21
2021-05-24,92
2021-05-25,128
2021-05-26,121
2021-05-27,104
2021-05-28,86
2021-05-29,11
2021-05-30,22
2021-05-31,29
2021-06-01,116
2021-06-02,131
2021-06-03,86
2021-06-04,79
2021-06-05,22
2021-06-06,30
2021-06-07,98
2021-06-08,87
2021-06-09,81
2021-06-10,86
2021-06-11,74
2021-06-12,23
2021-06-13,32
2021-06-14,109
2021-06-15,106
2021-06-16,88
2021-06-17,60
2021-06-18,66
2021-06-19,26
2021-06-20,22
2021-06-21,96
2021-06-22,51
2021-06-23,40
2021-06-24,63
2021-06-25,91
2021-06-26,21
2021-06-27,20
2021-06-28,127
2021-06-29,101
2021-06-30,191
2021-07-01,65
2021-07-02,75
2021-07-03,20
2021-07-04,21
2021-07-05,27
2021-07-06,136
2021-07-07,83
2021-07-08,144
2021-07-09,88
2021-07-10,34
2021-07-11,32
2021-07-12,103
2021-07-13,112
2021-07-14,111
2021-07-15,71
2021-07-16,90
2021-07-17,27
2021-07-18,26
2021-07-19,153
2021-07-20,136
2021-07-21,124
2021-07-22,104
2021-07-23,116
2021-07-24,22
2021-07-25,36
2021-07-26,114
2021-07-27,119
2021-07-28,122
2021-07-29,100
2021-07-30,124
2021-07-31,65
2021-08-01,31
2021-08-02,101
2021-08-03,133
2021-08-04,112
2021-08-05,101
2021-08-06,124
2021-08-07,51
2021-08-08,41
2021-08-09,99
2021-08-10,68
2021-08-11,84
2021-08-12,72
2021-08-13,189
2021-08-14,28
2021-08-15,25
2021-08-16,120
2021-08-17,136
2021-08-18,115
2021-08-19,104
2021-08-20,77
2021-08-21,29
2021-08-22,30
2021-08-23,90
2021-08-24,88
2021-08-25,126
2021-08-26,114
2021-08-27,96
2021-08-28,10
2021-08-29,33
2021-08-30,87
2021-08-31,122
2021-09-01,92
2021-09-02,107
2021-09-03,83
2021-09-04,37
2021-09-05,33
2021-09-06,29
2021-09-07,110
2021-09-08,116
2021-09-09,78
2021-09-10,123
2021-09-11,37
2021-09-12,26
2021-09-13,127
2021-09-14,104
2021-09-15,88
2021-09-16,103
2021-09-17,97
2021-09-18,30
2021-09-19,33
2021-09-20,101
2021-09-21,109
2021-09-22,118
2021-09-23,76
2021-09-24,51
2021-09-25,29
2021-09-26,24
2021-09-27,102
2021-09-28,89
2021-09-29,83
2021-09-30,99
2021-10-01,58
2021-10-02,24
2021-10-03,34
2021-10-04,109
2021-10-05,86
2021-10-06,102
2021-10-07,87
2021-10-08,85
2021-10-09,29
2021-10-10,33
2021-10-11,48
2021-10-12,114
2021-10-13,116
2021-10-14,91
2021-10-15,74
2021-10-16,18
2021-10-17,36
2021-10-18,102
2021-10-19,83
2021-10-20,98
2021-10-21,96
2021-10-22,66
2021-10-23,23
2021-10-24,42
2021-10-25,74
2021-10-26,102
2021-10-27,100
2021-10-28,103
2021-10-29,69
2021-10-30,17
2021-10-31,21
2021-11-01,80
2021-11-02,63
2021-11-03,80
2021-11-04,91
2021-11-05,60
2021-11-06,33
2021-11-07,40
2021-11-08,95
2021-11-09,80
2021-11-10,95
2021-11-11,36
2021-11-12,83
2021-11-13,42
2021-11-14,32
2021-11-15,77
2021-11-16,90
2021-11-17,81
2021-11-18,91
2021-11-19,74
2021-11-20,20
2021-11-21,21
2021-11-22,87
2021-11-23,74
2021-11-24,52
2021-11-25,1
2021-11-26,22
2021-11-27,14
2021-11-28,17
2021-11-29,77
2021-11-30,76
2021-12-01,82
2021-12-02,61
2021-12-03,61
2021-12-04,18
2021-12-05,19
2021-12-06,93
2021-12-07,83
2021-12-08,64
2021-12-09,76
2021-12-10,62
2021-12-11,19
2021-12-12,20
2021-12-13,76
2021-12-14,70
2021-12-15,66
2021-12-16,90
2021-12-17,57
2021-12-18,21
2021-12-19,13
2021-12-20,77
2021-12-21,59
2021-12-22,46
2021-12-23,57
2021-12-24,41
2021-12-25,7
2021-12-26,18
2021-12-27,57
2021-12-28,71
2021-12-29,88
2021-12-30,75
2021-12-31,52
2022-01-01,20
2022-01-02,20
2022-01-03,68
2022-01-04,65
2022-01-05,67
2022-01-06,79
2022-01-07,26
2022-01-08,9
2022-01-09,18
2022-01-10,67
2022-01-11,45
2022-01-12,67
2022-01-13,74
2022-01-14,61
2022-01-15,21
2022-01-16,9
2022-01-17,16
2022-01-18,83
2022-01-19,81
2022-01-20,64
2022-01-21,63
2022-01-22,21
2022-01-23,26
2022-01-24,96
2022-01-25,70
2022-01-26,62
2022-01-27,88
2022-01-28,40
2022-01-29,4
2022-01-30,4
2022-01-31,29
2022-02-01,30
2022-02-02,40
2022-02-03,46
2022-02-04,50
2022-02-05,32
2022-02-06,20
2022-02-07,89
2022-02-08,94
2022-02-09,103
2022-02-10,73
2022-02-11,94
2022-02-12,23
2022-02-13,12
2022-02-14,71
2022-02-15,85
2022-02-16,76
2022-02-17,93
2022-02-18,72
2022-02-19,22
2022-02-20,29
2022-02-21,28
2022-02-22,126
2022-02-23,101
2022-02-24,67
2022-02-25,78
2022-02-26,26
2022-02-27,15
2022-02-28,81
2022-03-01,101
2022-03-02,76
2022-03-03,66
2022-03-04,61
2022-03-05,21
2022-03-06,34
2022-03-07,127
2022-03-08,108
2022-03-09,60
2022-03-10,71
2022-03-11,79
2022-03-12,22
2022-03-13,22
2022-03-14,92
2022-03-15,110
2022-03-16,86
2022-03-17,85
2022-03-18,95
2022-03-19,25
2022-03-20,25
2022-03-21,83
2022-03-22,99
2022-03-23,110
2022-03-24,44
2022-03-25,68
2022-03-26,32
2022-03-27,23
2022-03-28,64
2022-03-29,76
2022-03-30,71
2022-03-31,76
2022-04-01,56
2022-04-02,26
2022-04-03,21
2022-04-04,102
2022-04-05,75
2022-04-06,75
2022-04-07,56
2022-04-08,73
2022-04-09,29
2022-04-10,21
2022-04-11,90
2022-04-12,104
2022-04-13,74
2022-04-14,83
2022-04-15,25
2022-04-16,20
2022-04-17,12
2022-04-18,64
2022-04-19,75
2022-04-20,51
2022-04-21,130
2022-04-22,73
2022-04-23,20
2022-04-24,16
2022-04-25,98
2022-04-26,83
2022-04-27,86
2022-04-28,81
2022-04-29,46
2022-04-30,27
2022-05-01,30
2022-05-02,80
2022-05-03,98
2022-05-04,86
2022-05-05,92
2022-05-06,60
2022-05-07,10
2022-05-08,21
2022-05-09,84
2022-05-10,96
2022-05-11,91
2022-05-12,96
2022-05-13,79
2022-05-14,18
2022-05-15,22
2022-05-16,115
2022-05-17,76
2022-05-18,106
2022-05-19,77
2022-05-20,71
2022-05-21,13
2022-05-22,29
2022-05-23,114
2022-05-24,95
2022-05-25,92
2022-05-26,75
2022-05-27,55
2022-05-28,41
2022-05-29,21
2022-05-30,31
2022-05-31,93
2022-06-01,120
2022-06-02,100
2022-06-03,111
2022-06-04,28
2022-06-05,25
2022-06-06,114
2022-06-07,120
2022-06-08,123
2022-06-09,77
2022-06-10,72
2022-06-11,27
2022-06-12,23
2022-06-13,97
2022-06-14,102
2022-06-15,94
2022-06-16,91
2022-06-17,67
2022-06-18,27
2022-06-19,19
2022-06-20,35
2022-06-21,140
2022-06-22,113
2022-06-23,78
2022-06-24,105
2022-06-25,37
2022-06-26,26
2022-06-27,136
2022-06-28,108
2022-06-29,112
2022-06-30,129
2022-07-01,95
2022-07-02,34
2022-07-03,25
2022-07-04,18
2022-07-05,120
2022-07-06,149
2022-07-07,102
2022-07-08,97
2022-07-09,32
2022-07-10,35
2022-07-11,136
2022-07-12,113
2022-07-13,111
2022-07-14,97
2022-07-15,121
2022-07-16,34
2022-07-17,46
2022-07-18,136
2022-07-19,113
2022-07-20,120
2022-07-21,94
2022-07-22,80
2022-07-23,28
2022-07-24,42
2022-07-25,124
2022-07-26,116
2022-07-27,142
2022-07-28,121
2022-07-29,96
2022-07-30,32
2022-07-31,32
2022-08-01,145
2022-08-02,172
2022-08-03,128
2022-08-04,118
2022-08-05,117
2022-08-06,43
2022-08-07,30
2022-08-08,132
2022-08-09,132
2022-08-10,100
2022-08-11,107
2022-08-12,117
2022-08-13,34
2022-08-14,31
2022-08-15,118
2022-08-16,116
2022-08-17,108
2022-08-18,64
2022-08-19,75
2022-08-20,42
2022-08-21,31
2022-08-22,107
2022-08-23,103
2022-08-24,81
2022-08-25,73
2022-08-26,72
2022-08-27,38
2022-08-28,26
2022-08-29,117
2022-08-30,108
2022-08-31,110
2022-09-01,122
2022-09-02,74
2022-09-03,34
2022-09-04,31
2022-09-05,32
2022-09-06,104
2022-09-07,92
2022-09-08,103
2022-09-09,88
2022-09-10,37
2022-09-11,26
2022-09-12,105
2022-09-13,83
2022-09-14,110
2022-09-15,106
2022-09-16,89
2022-09-17,25
2022-09-18,25
2022-09-19,101
2022-09-20,108
2022-09-21,101
2022-09-22,81
2022-09-23,87
2022-09-24,29
2022-09-25,21
2022-09-26,95
2022-09-27,80
2022-09-28,67
2022-09-29,103
2022-09-30,80
2022-10-01,19
2022-10-02,17
2022-10-03,71
2022-10-04,70
2022-10-05,111
2022-10-06,105
2022-10-07,57
2022-10-08,21
2022-10-09,25
2022-10-10,43
2022-10-11,104
2022-10-12,94
2022-10-13,76
2022-10-14,63
2022-10-15,29
2022-10-16,21
2022-10-17,111
2022-10-18,69
2022-10-19,75
2022-10-20,86
2022-10-21,85
2022-10-22,10
2022-10-23,16
2022-10-24,84
2022-10-25,89
2022-10-26,84
2022-10-27,59
2022-10-28,54
2022-10-29,20
2022-10-30,28
2022-10-31,77
2022-11-01,77
2022-11-02,79
2022-11-03,80
2022-11-04,61
2022-11-05,1
2022-11-07,182
2022-11-08,84
2022-11-09,54
2022-11-10,51
2022-11-11,19
2022-11-12,37
2022-11-13,11
2022-11-14,66
2022-11-15,81
2022-11-16,55
2022-11-17,54
2022-11-18,40
2022-11-19,17
2022-11-20,11
2022-11-21,50
2022-11-22,60
2022-11-23,39
2022-11-24,4
2022-11-25,28
2022-11-26,28
2022-11-27,12
2022-11-28,86
2022-11-29,64
2022-11-30,61
2022-12-01,59
2022-12-02,42
2022-12-03,13
2022-12-04,11
2022-12-05,56
2022-12-06,75
2022-12-07,73
2022-12-08,84
2022-12-09,60
2022-12-10,28
2022-12-11,17
2022-12-12,74
2022-12-13,67
2022-12-14,56
2022-12-15,61
2022-12-16,46
2022-12-17,18
2022-12-18,20
2022-12-19,71
2022-12-20,70
2022-12-21,45
2022-12-22,49
2022-12-23,26
2022-12-24,4
2022-12-25,4
2022-12-26,11
2022-12-27,62
2022-12-28,74
2022-12-29,70
2022-12-30,54
2022-12-31,24
2023-01-01,14
2023-01-02,42
2023-01-03,86
2023-01-04,106
2023-01-05,96
2023-01-06,81
2023-01-07,27
2023-01-08,25
2023-01-09,102
2023-01-10,71
2023-01-11,88
2023-01-12,78
2023-01-13,65
2023-01-14,29
2023-01-15,18
2023-01-16,29
2023-01-17,107
2023-01-18,75
2023-01-19,67
2023-01-20,78
2023-01-21,29
2023-01-22,14
2023-01-23,61
2023-01-24,79
2023-01-25,51
2023-01-26,71
2023-01-27,69
2023-01-28,23
2023-01-29,11
2023-01-30,85
2023-01-31,74
2023-02-01,49
2023-02-02,79
2023-02-03,29
2023-02-04,22
2023-02-05,23
2023-02-06,58
2023-02-07,71
2023-02-08,33
2023-02-09,106
2023-02-10,58
2023-02-11,18
2023-02-12,18
2023-02-13,63
2023-02-14,68
2023-02-15,85
2023-02-16,60
2023-02-17,60
2023-02-18,29
2023-02-19,26
2023-02-20,39
2023-02-21,91
2023-02-22,60
2023-02-23,50
2023-02-24,72
2023-02-25,10
2023-02-26,23
2023-02-27,82
2023-02-28,70
2023-03-01,59
2023-03-02,40
2023-03-03,86
2023-03-04,1
2023-03-06,156
2023-03-07,97
2023-03-08,63
2023-03-09,61
2023-03-10,55
2023-03-11,21
2023-03-12,19
2023-03-13,95
2023-03-14,62
2023-03-15,64
2023-03-16,73
2023-03-17,57
2023-03-18,24
2023-03-19,26
2023-03-20,87
2023-03-21,70
2023-03-22,86
2023-03-23,64
2023-03-24,51
2023-03-25,20
2023-03-26,19
2023-03-27,76
2023-03-28,77
2023-03-29,81
2023-03-30,67
2023-03-31,74
2023-04-01,15
2023-04-02,18
2023-04-03,87
2023-04-04,76
2023-04-05,66
2023-04-06,44
2023-04-07,31
2023-04-08,19
2023-04-09,17
2023-04-10,90
2023-04-11,80
2023-04-12,71
2023-04-13,74
2023-04-14,73
2023-04-15,21
2023-04-16,21
2023-04-17,76
2023-04-18,72
2023-04-19,79
2023-04-20,80
2023-04-21,52
2023-04-22,30
2023-04-23,17
2023-04-24,77
2023-04-25,89
2023-04-26,77
2023-04-27,89
2023-04-28,48
2023-04-29,24
2023-04-30,23
2023-05-01,78
2023-05-02,80
2023-05-03,80
2023-05-04,78
2023-05-05,62
2023-05-06,16
2023-05-07,23
2023-05-08,96
2023-05-09,88
2023-05-10,81
2023-05-11,79
2023-05-12,80
2023-05-13,18
2023-05-14,23
2023-05-15,99
2023-05-16,76
2023-05-17,102
2023-05-18,78
2023-05-19,84
2023-05-20,14
2023-05-21,22
2023-05-22,98
2023-05-23,90
2023-05-24,95
2023-05-25,56
2023-05-26,64
2023-05-27,20
2023-05-28,17
2023-05-29,33
2023-05-30,96
2023-05-31,119
2023-06-01,100
2023-06-02,80
2023-06-03,24
2023-06-04,24
2023-06-05,88
2023-06-06,96
2023-06-07,83
2023-06-08,69
2023-06-09,71
2023-06-10,28
2023-06-11,34
2023-06-12,82
2023-06-13,88
2023-06-14,69
2023-06-15,80
2023-06-16,71
2023-06-17,26
2023-06-18,21
2023-06-19,44
2023-06-20,126
2023-06-21,71
2023-06-22,67
2023-06-23,79
2023-06-24,31
2023-06-25,17
2023-06-26,76
2023-06-27,91
2023-06-28,86
2023-06-29,99
2023-06-30,68
2023-07-01,36
2023-07-02,27
2023-07-03,87
2023-07-04,23
2023-07-05,124
2023-07-06,101
2023-07-07,98
2023-07-08,18
2023-07-09,21
2023-07-10,123
2023-07-11,93
2023-07-12,70
2023-07-13,80
2023-07-14,84
2023-07-15,28
2023-07-16,20
2023-07-17,102
2023-07-18,120
2023-07-19,113
2023-07-20,138
2023-07-21,104
2023-07-22,84
2023-07-23,33
2023-07-24,166
2023-07-25,97
2023-07-26,104
2023-07-27,69
2023-07-28,66
2023-07-29,3
2023-07-30,14
2023-07-31,260
2023-08-01,238
2023-08-02,105
2023-08-03,100
2023-08-04,81
2023-08-05,30
2023-08-06,36
2023-08-07,113
2023-08-08,82
2023-08-09,73
2023-08-10,91
2023-08-11,73
2023-08-12,27
2023-08-13,18
2023-08-14,123
2023-08-15,89
2023-08-16,103
2023-08-17,88
2023-08-18,82
2023-08-19,20
2023-08-20,19
2023-08-21,92
2023-08-22,78
2023-08-23,82
2023-08-24,82
2023-08-25,80
2023-08-26,24
2023-08-27,19
2023-08-28,100
2023-08-29,121
2023-08-30,95
2023-08-31,89
2023-09-01,73
2023-09-02,17
2023-09-03,20
2023-09-04,32
2023-09-05,116
2023-09-06,131
2023-09-07,104
2023-09-08,86
2023-09-09,26
2023-09-10,16
2023-09-11,102
2023-09-12,87
2023-09-13,103
2023-09-14,90
2023-09-15,70
2023-09-16,26
2023-09-17,23
2023-09-18,59
2023-09-19,105
2023-09-20,96
2023-09-21,84
2023-09-22,75
2023-09-23,9
2023-09-24,10
2023-09-25,60
2023-09-26,96
2023-09-27,79
2023-09-28,76
2023-09-29,59
2023-09-30,26
2023-10-01,27
2023-10-02,115
2023-10-03,93
2023-10-04,89
2023-10-05,76
2023-10-06,67
2023-10-07,23
2023-10-08,18
2023-10-09,35
2023-10-10,82
2023-10-11,105
2023-10-12,74
2023-10-13,65
2023-10-14,17
2023-10-15,14
2023-10-16,73
2023-10-17,62
2023-10-18,90
2023-10-19,77
2023-10-20,62
2023-10-21,24
2023-10-22,16
2023-10-23,80
2023-10-24,62
2023-10-25,50
2023-10-26,70
2023-10-27,73
2023-10-28,26
2023-10-29,28
2023-10-30,80
2023-10-31,71
2023-11-01,79
2023-11-02,60
2023-11-03,74
2023-11-04,18
2023-11-05,20
2023-11-06,93
2023-11-07,34
2023-11-08,138
2023-11-09,79
2023-11-10,61
2023-11-11,10
2023-11-12,34
2023-11-13,64
2023-11-14,78
2023-11-15,77
2023-11-16,59
2023-11-17,61
2023-11-18,17
2023-11-19,9
2023-11-20,56
2023-11-21,69
2023-11-22,51
2023-11-23,4
2023-11-24,25
2023-11-25,21
2023-11-26,17
2023-11-27,78
2023-11-28,59
2023-11-29,65
2023-11-30,55
2023-12-01,61
2023-12-02,33
2023-12-03,15
2023-12-04,75
2023-12-05,76
2023-12-06,83
2023-12-07,59
2023-12-08,65
2023-12-09,19
2023-12-10,20
2023-12-11,73
2023-12-12,61
2023-12-13,71
2023-12-14,61
2023-12-15,59
2023-12-16,15
2023-12-17,15
2023-12-18,65
2023-12-19,81
2023-12-20,50
2023-12-21,67
2023-12-22,45
2023-12-23,9
2023-12-24,10
2023-12-25,4
2023-12-26,81
2023-12-27,55
2023-12-28,62
2023-12-29,49
2023-12-30,16
2023-12-31,17
2024-01-01,17
2024-01-02,83
2024-01-03,88
2024-01-04,96
2024-01-05,61
2024-01-06,26
2024-01-07,22
2024-01-08,91
2024-01-09,51
2024-01-10,47
2024-01-11,87
2024-01-12,56
2024-01-13,18
2024-01-14,9
2024-01-15,21
2024-01-16,35
2024-01-17,39
2024-01-18,45
2024-01-19,16
2024-01-20,13
2024-01-21,9
2024-01-22,33
2024-01-23,54
2024-01-24,67
2024-01-25,71
2024-01-26,82
2024-01-27,30
2024-01-28,16
2024-01-29,78
2024-01-30,104
2024-01-31,86
2024-02-01,77
2024-02-02,76
2024-02-03,23
2024-02-04,16
2024-02-05,82
2024-02-06,83
2024-02-07,81
2024-02-08,68
2024-02-09,58
2024-02-10,24
2024-02-11,29
2024-02-12,116
2024-02-13,51
2024-02-14,35
2024-02-15,52
2024-02-16,39
2024-02-17,14
2024-02-18,17
2024-02-19,25
2024-02-20,62
2024-02-21,77
2024-02-22,90
2024-02-23,65
2024-02-24,21
2024-02-25,24
2024-02-26,113
2024-02-27,60
2024-02-28,50
2024-02-29,65
2024-03-01,52
2024-03-02,23
2024-03-03,21
2024-03-04,91
2024-03-05,57
2024-03-06,64
2024-03-07,60
2024-03-08,64
2024-03-09,19
2024-03-10,15
2024-03-11,77
2024-03-12,72
2024-03-13,101
2024-03-14,64
2024-03-15,89
2024-03-16,18
2024-03-17,14
2024-03-18,98
2024-03-19,91
2024-03-20,87
2024-03-21,67
2024-03-22,71
2024-03-23,6
2024-03-24,30
2024-03-25,78
2024-03-26,75
2024-03-27,78
2024-03-28,50
2024-03-29,32
2024-03-30,26
2024-03-31,26
2024-04-01,74
2024-04-02,72
2024-04-03,64
2024-04-04,65
2024-04-05,72
2024-04-06,28
2024-04-07,23
2024-04-08,82
2024-04-09,98
2024-04-10,82
2024-04-11,75
2024-04-12,71
2024-04-13,18
2024-04-14,9
2024-04-15,100
2024-04-16,80
2024-04-17,62
2024-04-18,53
2024-04-19,59
2024-04-20,21
2024-04-21,22
2024-04-22,89
2024-04-23,62
2024-04-24,82
2024-04-25,84
2024-04-26,87
2024-04-27,27
2024-04-28,13
2024-04-29,92
2024-04-30,89
2024-05-01,81
2024-05-02,73
2024-05-03,86
2024-05-04,13
2024-05-05,15
2024-05-06,108
2024-05-07,82
2024-05-08,77
2024-05-09,80
2024-05-10,41
2024-05-12,1
2024-05-13,115
2024-05-14,82
2024-05-15,69
2024-05-16,82
2024-05-17,64
2024-05-18,22
2024-05-19,29
2024-05-20,93
2024-05-21,72
2024-05-22,91
2024-05-23,70
2024-05-24,53
2024-05-25,23
2024-05-26,20
2024-05-27,17
2024-05-28,82
2024-05-29,90
2024-05-30,96
2024-05-31,85
2024-06-01,33
2024-06-02,31
2024-06-03,122
2024-06-04,89
2024-06-05,90
2024-06-06,97
2024-06-07,83
2024-06-08,28
2024-06-09,40
2024-06-10,106
2024-06-11,75
2024-06-12,94
2024-06-13,111
2024-06-14,89
2024-06-15,28
2024-06-16,24
2024-06-17,127
2024-06-18,79
2024-06-19,38
2024-06-20,102
2024-06-21,81
2024-06-22,25
2024-06-23,16
2024-06-24,109
2024-06-25,100
2024-06-26,108
2024-06-27,60
2024-06-28,55
2024-06-29,33
2024-06-30,27
2024-07-01,122
2024-07-02,86
2024-07-03,81
2024-07-04,19
2024-07-05,77
2024-07-06,22
2024-07-07,24
2024-07-08,119
2024-07-09,114
2024-07-10,75
2024-07-11,105
2024-07-12,79
2024-07-13,21
2024-07-14,28
2024-07-15,105
2024-07-16,70
2024-07-17,105
2024-07-18,116
2024-07-19,74
2024-07-20,31
2024-07-21,21
2024-07-22,92
2024-07-23,87
2024-07-24,65
2024-07-25,55
2024-07-26,36
2024-07-27,4
2024-07-28,127
2024-07-29,70
2024-07-30,77
2024-07-31,223
2024-08-01,357
2024-08-02,85
2024-08-03,16
2024-08-04,14
2024-08-05,95
2024-08-06,114
2024-08-07,79
2024-08-08,43
2024-08-09,41
2024-08-10,82
2024-08-11,15
2024-08-12,94
2024-08-13,95
2024-08-14,100
2024-08-15,94
2024-08-16,102
2024-08-17,20
2024-08-18,24
2024-08-19,110
2024-08-20,101
2024-08-21,90
2024-08-22,65
2024-08-23,87
2024-08-24,28
2024-08-25,27
2024-08-26,129
2024-08-27,107
2024-08-28,96
2024-08-29,80
2024-08-30,76
2024-08-31,30
2024-09-01,27
2024-09-02,33
2024-09-03,148
2024-09-04,122
2024-09-05,86
2024-09-06,94
2024-09-07,28
2024-09-08,34
2024-09-09,87
2024-09-10,77
2024-09-11,64
2024-09-12,89
2024-09-13,81
2024-09-14,23
2024-09-15,30
2024-09-16,97
2024-09-17,85
2024-09-18,76
2024-09-19,86
2024-09-20,63
2024-09-21,21
2024-09-22,29
2024-09-23,78
2024-09-24,97
2024-09-25,71
2024-09-26,73
2024-09-27,87
2024-09-28,22
2024-09-29,19
2024-09-30,96
2024-10-01,113
2024-10-02,94
2024-10-03,82
2024-10-04,82
2024-10-05,18
2024-10-06,23
2024-10-07,95
2024-10-08,104
2024-10-09,75
2024-10-10,64
2024-10-11,44
2024-10-12,36
2024-10-13,21
2024-10-14,44
2024-10-15,55
2024-10-16,60
2024-10-17,59
2024-10-18,72
2024-10-19,20
2024-10-20,18
2024-10-21,88
2024-10-22,73
2024-10-23,82
2024-10-24,69
2024-10-25,69
2024-10-26,15
2024-10-27,17
2024-10-28,84
2024-10-29,79
2024-10-30,70
2024-10-31,49
2024-11-01,57
2024-11-02,35
2024-11-03,7
2024-11-04,71
2024-11-05,42
2024-11-06,76
2024-11-07,68
2024-11-08,60
2024-11-09,17
2024-11-10,23
2024-11-11,38
2024-11-12,96
2024-11-13,80
2024-11-14,59
2024-11-15,76
2024-11-16,20
2024-11-17,23
2024-11-18,80
2024-11-19,74
2024-11-20,67
2024-11-21,45
2024-11-22,34
2024-11-23,18
2024-11-24,19
2024-11-25,96
2024-11-26,67
2024-11-27,40
2024-11-28,7
2024-11-29,12
2024-11-30,8
2024-12-01,20
2024-12-02,65
2024-12-03,65
2024-12-04,69
2024-12-05,59
2024-12-06,50
2024-12-07,14
2024-12-08,12
2024-12-09,53
2024-12-10,61
2024-12-11,58
2024-12-12,61
2024-12-13,51
2024-12-14,11
2024-12-15,9
2024-12-16,53
2024-12-17,64
2024-12-18,76
2024-12-19,67
2024-12-20,48
2024-12-21,13
2024-12-22,9
2024-12-23,49
2024-12-24,15
2024-12-25,5
2024-12-26,43
2024-12-27,58
2024-12-28,13
2024-12-29,22
2024-12-30,74
2024-12-31,40
2025-01-01,12
2025-01-02,73
2025-01-03,46
2025-01-04,16
2025-01-05,13
2025-01-06,24
2025-01-07,24
2025-01-08,37
2025-01-09,41
2025-01-10,53
2025-01-11,17
2025-01-12,40
2025-01-13,52
2025-01-14,60
2025-01-15,49
2025-01-16,45
2025-01-17,46
2025-01-18,22
2025-01-19,13
2025-01-20,9
2025-01-21,40
2025-01-22,30
2025-01-23,32
2025-01-24,37
2025-01-25,17
2025-01-26,12
2025-01-27,44
2025-01-28,67
2025-01-29,68
2025-01-30,72
2025-01-31,51
2025-02-01,20
2025-02-02,17
2025-02-03,78
2025-02-04,63
2025-02-05,76
2025-02-06,37
2025-02-07,47
2025-02-08,18
2025-02-09,13
2025-02-10,53
2025-02-11,65
2025-02-12,31
2025-02-13,48
2025-02-14,15
2025-02-15,22
2025-02-16,13
2025-02-17,14
2025-02-18,67
2025-02-19,84
2025-02-20,56
2025-02-21,60
2025-02-22,26
2025-02-23,19
2025-02-24,88
2025-02-25,89
2025-02-26,71
2025-02-27,60
2025-02-28,63
2025-03-01,18
2025-03-02,16
2025-03-03,59
2025-03-04,83
2025-03-05,80
2025-03-06,58
2025-03-07,56
2025-03-08,13
2025-03-09,14
2025-03-10,87
2025-03-11,105
2025-03-12,87
2025-03-13,93
2025-03-14,57
2025-03-15,21
2025-03-16,26
2025-03-17,69
2025-03-18,77
2025-03-19,75
2025-03-20,78
2025-03-21,48
2025-03-22,21
2025-03-23,26
2025-03-24,68
2025-03-25,68
2025-03-26,63
2025-03-27,47
2025-03-28,65
2025-03-29,14
2025-03-30,20
2025-03-31,85
2025-04-01,74
2025-04-02,101
2025-04-03,52
2025-04-04,79
2025-04-05,24
2025-04-06,24
2025-04-07,74
2025-04-08,57
2025-04-09,58
2025-04-10,68
2025-04-11,48
2025-04-12,20
2025-04-13,12
2025-04-14,71
2025-04-15,83
2025-04-16,77
2025-04-17,62
2025-04-18,30
2025-04-19,31
2025-04-20,28
2025-04-21,92
2025-04-22,80
2025-04-23,67
2025-04-24,60
2025-04-25,95
2025-04-26,16
2025-04-27,22
2025-04-28,83
2025-04-29,68
2025-04-30,80
2025-05-01,60
2025-05-02,68
2025-05-03,26
2025-05-04,15
2025-05-05,71
2025-05-06,82
2025-05-07,71
2025-05-08,65
2025-05-09,57
2025-05-10,23
2025-05-11,30
2025-05-12,91
2025-05-13,66
2025-05-14,48
2025-05-15,67
2025-05-16,79
2025-05-17,20
2025-05-18,22
2025-05-19,78
2025-05-20,80
2025-05-21,65
2025-05-22,58
2025-05-23,79
2025-05-24,15
2025-05-25,17
2025-05-26,11
2025-05-27,104
2025-05-28,84
2025-05-29,69
2025-05-30,91
2025-05-31,31
2025-06-01,29
2025-06-02,92
2025-06-03,86
2025-06-04,73
2025-06-05,88
2025-06-06,63
2025-06-07,20
2025-06-08,33
2025-06-09,97
2025-06-10,107
2025-06-11,85
2025-06-12,84
2025-06-13,79
2025-06-14,22
2025-06-15,26
2025-06-16,75
2025-06-17,90
2025-06-18,64
2025-06-19,31
2025-06-20,82
2025-06-21,37
2025-06-22,14
2025-06-23,107
2025-06-24,74
2025-06-25,58
2025-06-26,89
2025-06-27,75
2025-06-28,32
2025-06-29,26
2025-06-30,111
2025-07-01,78
2025-07-02,93
2025-07-03,145
2025-07-04,24
2025-07-05,20
2025-07-06,55
2025-07-07,192
2025-07-08,102
2025-07-09,148
2025-07-10,164
2025-07-11,136
2025-07-12,21
2025-07-13,41
2025-07-14,171
2025-07-15,207
2025-07-16,182
2025-07-17,162
2025-07-18,157
2025-07-19,46
2025-07-20,42
2025-07-21,194
2025-07-22,146
2025-07-23,149
2025-07-24,143
2025-07-25,109
2025-07-26,36
2025-07-27,40
2025-07-28,138
2025-07-29,128
2025-07-30,143
2025-07-31,114
2025-08-01,126
2025-08-02,39
2025-08-03,42
2025-08-04,150
2025-08-05,152
2025-08-06,132
2025-08-07,138
2025-08-08,106
2025-08-09,20
2025-08-10,29
2025-08-11,139
2025-08-12,131
2025-08-13,115
2025-08-14,119
2025-08-15,119
2025-08-16,30
2025-08-17,22
2025-08-18,123
2025-08-19,111
2025-08-20,102
2025-08-21,80
2025-08-22,78
2025-08-23,11
2025-08-24,13
2025-08-25,126
2025-08-26,94
2025-08-27,93
2025-08-28,83
2025-08-29,85
2025-08-30,25
2025-08-31,19
2025-09-01,29
2025-09-02,127
2025-09-03,93
2025-09-04,93
2025-09-05,92
2025-09-06,36
2025-09-07,19
2025-09-08,111
2025-09-09,102
2025-09-10,114
2025-09-11,90
2025-09-12,71
2025-09-13,22
2025-09-14,17
2025-09-15,118
2025-09-16,101
2025-09-17,99
2025-09-18,49
